0,FileTitle,Total return count,Total return count above 0.50,Return 1 count above 0.50,Return 2 count above 0.50,Return 3 count above 0.50,Return 4 count above 0.50,Return 5 count above 0.50,Return 6 count above 0.50,Return 7 count above 0.50,Return 8 count above 0.50,Return 9 count above 0.50,Other return count above 0.50,Elev minimum,Elev maximum,Elev mean,Elev mode,Elev stddev,Elev variance,Elev CV,Elev IQ,Elev skewness,Elev kurtosis,Elev AAD,Elev MAD median,Elev MAD mode,Elev L1,Elev L2,Elev L3,Elev L4,Elev L CV,Elev L skewness,Elev L kurtosis,Elev P01,Elev P05,Elev P10,Elev P20,Elev P25,Elev P30,Elev P40,Elev P50,Elev P60,Elev P70,Elev P75,Elev P80,Elev P90,Elev P95,Elev P99,Canopy relief ratio,Elev SQRT mean SQ,Elev CURT mean CUBE,Int minimum,Int maximum,Int mean,Int mode,Int stddev,Int variance,Int CV,Int IQ,Int skewness,Int kurtosis,Int AAD,Int L1,Int L2,Int L3,Int L4,Int L CV,Int L skewness,Int L kurtosis,Int P01,Int P05,Int P10,Int P20,Int P25,Int P30,Int P40,Int P50,Int P60,Int P70,Int P75,Int P80,Int P90,Int P95,Int P99,Profile area,miasto,gatunek,gatunek2,wiek_dok,klasa_w,rodzaj
1,01_fro_p_d,129543,110970,70032,33374,7001,548,15,0,0,0,0,0,0.510000,32.799999,15.707630,19.986507,6.333636,40.114945,0.403220,10.180000,-0.215129,2.123457,5.386609,4.980000,4.833492,15.707630,3.632978,-0.210975,0.153989,0.231287,-0.058072,0.042387,2.390000,4.910000,6.760000,9.460000,10.660000,11.810000,14.110000,16.410000,18.299999,20.030001,20.840000,21.700001,23.620001,24.990000,27.283125,0.470661,16.936476,17.874842,8.000000,165.000000,29.192007,12.984127,15.960180,254.727355,0.546731,19.000000,1.399040,5.266282,12.232856,29.192007,8.422667,2.222173,1.189220,0.288526,0.263832,0.141193,10.000000,12.000000,13.000000,16.000000,17.000000,19.000000,22.000000,25.000000,29.000000,34.000000,36.000000,40.000000,51.000000,62.000000,82.000000,48.702220,regietow,so,bk,77,4,porolny
2,02_fro_p_d,132261,108220,70654,30868,6156,528,14,0,0,0,0,0,0.510000,29.639999,12.947058,17.618095,6.626946,43.916412,0.511850,10.049999,-0.336286,2.064023,5.584758,4.750000,4.558095,12.947058,3.776369,-0.356350,0.145006,0.291678,-0.094363,0.038398,0.750000,1.510000,2.320000,6.030000,8.180000,9.670000,12.020000,14.100000,15.860000,17.459999,18.230000,19.020000,20.750000,22.209999,24.740000,0.426950,14.544494,15.574933,8.000000,137.000000,30.620153,14.142857,18.116155,328.195055,0.591642,21.000000,1.507703,5.457366,13.727852,30.620153,9.422904,2.750645,1.446956,0.307735,0.291911,0.153557,10.000000,12.000000,13.000000,16.000000,17.000000,19.000000,22.000000,26.000000,30.000000,35.000000,38.000000,42.000000,56.000000,68.000000,92.000000,42.275899,regietow,so,bk,77,4,porolny
3,03_zeb_l_d,119901,104566,67257,30627,6127,528,27,0,0,0,0,0,0.510000,34.720001,16.071278,17.343493,4.966039,24.661545,0.309001,6.560000,-0.300439,3.274600,3.930714,3.259999,3.236507,16.071278,2.779099,-0.162319,0.368287,0.172923,-0.058407,0.132520,2.260000,7.512500,9.570000,12.030000,12.960000,13.750000,15.120000,16.389999,17.650000,18.879999,19.520000,20.209999,21.920000,23.440001,27.340000,0.454875,16.821037,17.438645,8.000000,135.000000,33.305654,14.047619,18.487361,341.782508,0.555082,24.000000,1.090205,3.902272,14.733464,33.305654,10.030130,2.325137,1.052384,0.301154,0.231815,0.104922,10.000000,12.000000,14.000000,17.000000,19.000000,21.000000,24.000000,29.000000,34.000000,40.000000,43.000000,48.000000,61.000000,71.000000,89.000000,50.716316,regietow,bk,,77,4,lesny
4,04_zeb_p_d,132228,109107,72976,29829,5607,661,33,1,0,0,0,0,0.510000,30.200001,14.092331,15.119365,5.542131,30.715218,0.393273,7.830001,-0.178145,2.540437,4.507261,3.900000,3.869365,14.092331,3.153821,-0.137028,0.310280,0.223797,-0.043448,0.098382,1.610000,4.200000,6.370000,9.210000,10.290000,11.250000,12.930000,14.410000,15.860000,17.320000,18.120001,18.980000,21.070000,22.740000,25.600000,0.457472,15.142944,15.961962,0.000000,0.000000,0.000000,0.000000,0.000000,0.000000,-nan(ind),0.000000,-nan(ind),-nan(ind),0.000000,0.000000,0.000000,0.000000,0.000000,-nan(ind),-nan(ind),-nan(ind),0.000000,0.000000,0.000000,0.000000,0.000000,0.000000,0.000000,0.000000,0.000000,0.000000,0.000000,0.000000,0.000000,0.000000,0.000000,44.947946,regietow,bk,jd,87,5,lesny
5,05_zeb_p_d,160722,136249,88348,38760,8258,839,43,1,0,0,0,0,0.510000,29.990000,12.924837,15.483968,5.477373,30.001610,0.423787,8.000000,-0.229029,2.394067,4.501427,3.890000,3.746032,12.924837,3.120566,-0.200754,0.258593,0.241439,-0.064332,0.082867,1.250000,3.170000,4.810000,7.760000,9.000000,10.160000,12.010000,13.540000,14.910000,16.240000,17.000000,17.780001,19.600000,21.090000,24.100000,0.421127,14.037549,14.865106,8.000000,156.000000,33.937511,12.698413,19.754461,390.238712,0.582083,24.000000,1.415293,5.338618,15.121268,33.937511,10.414422,2.732233,1.474288,0.306871,0.262351,0.141562,10.000000,12.000000,14.000000,17.000000,19.000000,21.000000,25.000000,29.000000,34.000000,39.000000,43.000000,48.000000,61.000000,74.000000,100.000000,44.977330,regietow,bk,brz,72,4,porolny
6,06_rot_l_d,177553,134951,80053,42504,11003,1322,65,4,0,0,0,0,0.510000,28.049999,15.918999,17.995714,4.660160,21.717090,0.292742,5.719999,-0.953024,3.858640,3.622930,2.759998,2.655714,15.918999,2.543576,-0.455970,0.370191,0.159782,-0.179263,0.145539,1.400000,6.580000,9.590000,12.520000,13.510000,14.330000,15.660000,16.790001,17.790001,18.740000,19.230000,19.750000,21.020000,21.990000,23.445000,0.559513,16.587087,17.070968,8.000000,181.000000,36.542701,13.492063,23.065030,531.995626,0.631180,30.000000,1.269185,4.464171,18.217197,36.542701,12.285222,3.328376,1.390974,0.336188,0.270925,0.113223,10.000000,12.000000,14.000000,17.000000,19.000000,21.000000,25.000000,30.000000,36.000000,44.000000,49.000000,54.000000,70.000000,83.000000,108.000000,51.078796,regietow,bk,jd,92,5,lesny
7,07_rot_l_d,160692,116861,73461,33786,8370,1153,87,4,0,0,0,0,0.510000,29.230000,14.269808,15.097936,4.983909,24.839351,0.349263,6.700001,-0.297104,2.782632,3.992726,3.320000,3.297936,14.269808,2.815784,-0.180641,0.332432,0.197325,-0.064153,0.118060,2.120000,5.200000,7.360000,10.080000,11.070000,11.920000,13.410000,14.700000,15.870000,17.090000,17.770000,18.490000,20.420000,22.010000,24.493984,0.479102,15.115111,15.783931,8.000000,183.000000,32.763309,13.555556,19.401755,376.428094,0.592179,25.000000,1.429024,5.750857,15.055826,32.763309,10.256880,2.625169,1.255270,0.313060,0.255942,0.122383,10.000000,12.000000,13.000000,16.000000,18.000000,20.000000,23.000000,28.000000,33.000000,39.000000,43.000000,47.000000,58.000000,70.000000,98.000000,42.074198,regietow,bk,,122,7,lesny
8,08_rot_l_d,137328,96600,60168,28762,6822,802,44,2,0,0,0,0,0.510000,31.570000,16.390661,17.765555,4.886965,23.882426,0.298155,5.959999,-0.834425,3.671779,3.790255,2.880000,2.794444,16.390661,2.678045,-0.430539,0.407555,0.163388,-0.160766,0.152184,2.090000,6.470000,9.550000,12.850000,13.840000,14.690000,16.080000,17.240000,18.260000,19.280001,19.799999,20.340000,21.719999,22.830000,25.320000,0.511290,17.103683,17.630701,8.000000,166.000000,34.121501,15.523810,21.340062,455.398244,0.625414,27.000000,1.415392,5.182243,16.528194,34.121501,11.226974,3.135671,1.461102,0.329029,0.279298,0.130142,10.000000,12.000000,13.000000,16.000000,18.000000,20.000000,23.000000,28.000000,34.000000,40.000000,45.000000,49.000000,64.000000,77.000000,105.000000,45.409933,regietow,bk,,82,5,lesny
9,09_rot_l_d,125574,90195,59055,25438,5151,524,26,1,0,0,0,0,0.510000,34.169998,18.105033,20.278570,4.744568,22.510927,0.262058,5.730000,-0.861262,3.979997,3.656587,2.770000,2.678570,18.105033,2.588748,-0.410734,0.409240,0.142985,-0.158661,0.158084,3.620000,8.747002,11.710000,14.660000,15.630000,16.469999,17.799999,18.900000,19.920000,20.870001,21.360001,21.889999,23.230000,24.379999,26.840626,0.522728,18.716381,19.188672,8.000000,169.000000,32.381961,10.555556,18.646289,347.684082,0.575823,24.000000,1.317673,5.061243,14.549775,32.381961,9.937466,2.458030,1.199228,0.306883,0.247350,0.120677,10.000000,12.000000,13.000000,16.000000,18.000000,20.000000,23.000000,28.000000,33.000000,39.000000,42.000000,46.000000,57.000000,70.000000,93.000000,48.275589,regietow,bk,,82,5,lesny
10,10_skw_k_d,121520,88097,70574,15942,1528,53,0,0,0,0,0,0,0.510000,27.360001,14.745709,17.557619,5.500483,30.255312,0.373023,7.790001,-0.725215,2.638802,4.534604,3.299999,2.917619,14.745709,3.058068,-0.575684,0.261947,0.207387,-0.188251,0.085658,1.180000,3.820000,6.100000,9.520000,11.080000,12.510000,14.840000,16.290001,17.440001,18.400000,18.870001,19.389999,20.639999,21.549999,23.480000,0.530194,15.738199,16.416101,0.000000,0.000000,0.000000,0.000000,0.000000,0.000000,-nan(ind),0.000000,-nan(ind),-nan(ind),0.000000,0.000000,0.000000,0.000000,0.000000,-nan(ind),-nan(ind),-nan(ind),0.000000,0.000000,0.000000,0.000000,0.000000,0.000000,0.000000,0.000000,0.000000,0.000000,0.000000,0.000000,0.000000,0.000000,0.000000,45.309966,skwirtne,so,bk,67,4,porolny
11,11_skw_k_d,100757,70349,56808,12192,1281,66,2,0,0,0,0,0,0.510000,27.129999,15.823891,18.679206,5.939191,35.273990,0.375331,7.160001,-0.883699,2.889702,4.749698,3.150000,2.900794,15.823891,3.249435,-0.715167,0.373735,0.205350,-0.220090,0.115016,1.160000,3.260000,6.030000,10.340000,12.950000,14.430000,16.209999,17.480000,18.540001,19.559999,20.110001,20.680000,22.040001,23.059999,24.719999,0.575278,16.901746,17.599797,0.000000,0.000000,0.000000,0.000000,0.000000,0.000000,-nan(ind),0.000000,-nan(ind),-nan(ind),0.000000,0.000000,0.000000,0.000000,0.000000,-nan(ind),-nan(ind),-nan(ind),0.000000,0.000000,0.000000,0.000000,0.000000,0.000000,0.000000,0.000000,0.000000,0.000000,0.000000,0.000000,0.000000,0.000000,0.000000,44.224320,skwirtne,so,bk,67,4,porolny
12,12_rad_p_d,129177,100800,76947,21846,1941,63,3,0,0,0,0,0,0.510000,25.020000,10.774685,12.570476,4.041102,16.330503,0.375055,5.870000,-0.015385,2.577617,3.306966,2.930000,3.025000,10.774685,2.301458,-0.022648,0.214637,0.213599,-0.009841,0.093261,1.880000,4.090000,5.410000,7.110000,7.800000,8.480000,9.740000,10.880000,12.010000,13.100000,13.670000,14.310000,15.910000,17.299999,19.809999,0.418796,11.507571,12.114008,8.000000,123.000000,26.773155,13.476190,13.418472,180.055387,0.501191,16.000000,1.335287,5.033231,10.353570,26.773155,7.126023,1.802928,0.979050,0.266163,0.253006,0.137391,10.000000,12.000000,13.000000,16.000000,17.000000,18.000000,21.000000,23.000000,27.000000,31.000000,33.000000,36.000000,46.000000,54.000000,70.000000,42.148358,radocyna,bk,les,,,porolny
13,13_rad_p_d,129240,94225,72871,19483,1808,62,1,0,0,0,0,0,0.510000,19.709999,8.829990,9.957619,3.688986,13.608620,0.417779,5.730000,-0.023842,2.250741,3.090084,2.860001,2.852382,8.829990,2.115984,-0.021053,0.131126,0.239636,-0.009950,0.061970,1.240000,2.790000,3.860000,5.330000,5.930000,6.520000,7.780000,8.950000,10.050000,11.120000,11.660000,12.230000,13.640000,14.670000,16.469999,0.433333,9.569597,10.156710,8.000000,125.000000,23.724415,13.571429,11.431542,130.680155,0.481847,12.000000,1.726495,7.347510,8.434830,23.724415,5.877320,1.610419,1.005246,0.247733,0.274006,0.171038,10.000000,11.000000,13.000000,15.000000,16.000000,17.000000,19.000000,21.000000,23.000000,26.000000,28.000000,31.000000,38.000000,47.000000,64.000000,38.774666,radocyna,bk,les,,,porolny
14,14_rad_p_d,121193,83641,66441,15976,1185,39,0,0,0,0,0,0,0.510000,28.510000,10.088205,10.287778,4.889922,23.911341,0.484717,6.690000,0.503379,2.980197,3.924926,3.329999,3.407778,10.088205,2.750758,0.255059,0.310182,0.272671,0.092723,0.112762,1.100000,2.830000,4.110000,5.790000,6.470000,7.100000,8.380000,9.690000,10.970000,12.330000,13.160000,14.040000,16.709999,19.190001,23.059999,0.342079,11.210840,12.185115,0.000000,0.000000,0.000000,0.000000,0.000000,0.000000,-nan(ind),0.000000,-nan(ind),-nan(ind),0.000000,0.000000,0.000000,0.000000,0.000000,-nan(ind),-nan(ind),-nan(ind),0.000000,0.000000,0.000000,0.000000,0.000000,0.000000,0.000000,0.000000,0.000000,0.000000,0.000000,0.000000,0.000000,0.000000,0.000000,30.025783,radocyna,bk,les,,,porolny
15,15_rad_p_d,132392,92944,73625,17794,1491,34,0,0,0,0,0,0,0.510000,20.129999,7.946907,6.115714,3.237738,10.482950,0.407421,4.750000,0.132545,2.541697,2.673542,2.360000,2.504286,7.946907,1.844949,0.051298,0.158380,0.232159,0.027805,0.085845,1.094300,2.730000,3.890000,5.130000,5.610000,6.020000,6.820000,7.740000,8.780000,9.840000,10.360000,10.910000,12.230000,13.270000,15.360000,0.379047,8.581152,9.110932,0.000000,0.000000,0.000000,0.000000,0.000000,0.000000,-nan(ind),0.000000,-nan(ind),-nan(ind),0.000000,0.000000,0.000000,0.000000,0.000000,-nan(ind),-nan(ind),-nan(ind),0.000000,0.000000,0.000000,0.000000,0.000000,0.000000,0.000000,0.000000,0.000000,0.000000,0.000000,0.000000,0.000000,0.000000,0.000000,36.413046,radocyna,bk,les,,,porolny
16,16_rad_p_d,111258,76193,59773,15228,1165,27,0,0,0,0,0,0,0.510000,27.020000,8.697167,7.242699,3.617433,13.085820,0.415932,4.970000,0.381390,3.166032,2.904668,2.480000,2.572698,8.697167,2.036870,0.117158,0.231115,0.234199,0.057519,0.113466,1.380000,3.140000,4.160000,5.550000,6.100000,6.600000,7.550000,8.480000,9.480000,10.500000,11.070000,11.700000,13.390000,14.840000,18.200001,0.308833,9.419467,10.057459,0.000000,0.000000,0.000000,0.000000,0.000000,0.000000,-nan(ind),0.000000,-nan(ind),-nan(ind),0.000000,0.000000,0.000000,0.000000,0.000000,-nan(ind),-nan(ind),-nan(ind),0.000000,0.000000,0.000000,0.000000,0.000000,0.000000,0.000000,0.000000,0.000000,0.000000,0.000000,0.000000,0.000000,0.000000,0.000000,33.129120,radocyna,bk,les,,,porolny
17,17_liw_p_d,139124,84184,64032,18062,1993,95,2,0,0,0,0,0,0.510000,27.610001,11.509847,7.392540,6.260083,39.188634,0.543889,10.050001,0.235443,2.066734,5.324367,4.880000,4.817460,11.509847,3.594321,0.222688,0.140645,0.312282,0.061955,0.039130,0.740000,2.100000,3.520000,5.640000,6.490000,7.300000,8.960000,10.790000,13.010000,15.300000,16.540001,17.770000,20.469999,22.240000,24.400000,0.405898,13.102089,14.318696,8.000000,132.000000,21.318540,11.936508,10.177425,103.579987,0.477398,12.000000,1.871418,8.889031,7.540344,21.318540,5.195197,1.492032,0.836958,0.243694,0.287194,0.161102,10.000000,11.000000,12.000000,13.000000,14.000000,15.000000,17.000000,19.000000,21.000000,24.000000,26.000000,28.000000,34.000000,41.000000,56.000000,28.228763,lipne,bk,kl,75,4,porolny
18,18_lip_p_m,24571,14991,10833,3661,459,37,1,0,0,0,0,0,0.510000,29.520000,16.460898,18.468572,5.052973,25.532533,0.306968,6.315000,-0.677569,3.484639,3.952403,3.119999,3.148572,16.460898,2.799414,-0.343209,0.398317,0.170064,-0.122600,0.142286,1.439000,6.700000,9.680000,12.690000,13.675000,14.470000,15.820000,17.090000,18.270000,19.389999,19.990000,20.680000,22.299999,23.620001,26.030001,0.549841,17.218943,17.793556,0.000000,0.000000,0.000000,0.000000,0.000000,0.000000,-nan(ind),0.000000,-nan(ind),-nan(ind),0.000000,0.000000,0.000000,0.000000,0.000000,-nan(ind),-nan(ind),-nan(ind),0.000000,0.000000,0.000000,0.000000,0.000000,0.000000,0.000000,0.000000,0.000000,0.000000,0.000000,0.000000,0.000000,0.000000,0.000000,38.728588,lipne,md,,60,3,porolny
19,19_lip_p_m,31746,22085,14255,6444,1275,105,6,0,0,0,0,0,0.510000,29.129999,17.013360,19.589999,4.738206,22.450593,0.278499,5.599999,-1.186682,4.192738,3.659340,2.530001,2.319999,17.013360,2.532473,-0.611853,0.387234,0.148852,-0.241603,0.152907,2.266800,6.700000,10.423999,13.700000,14.790000,15.710000,17.110001,18.270000,19.170000,19.959999,20.389999,20.781994,21.760000,22.510000,23.950001,0.576637,17.660804,18.114686,0.000000,0.000000,0.000000,0.000000,0.000000,0.000000,-nan(ind),0.000000,-nan(ind),-nan(ind),0.000000,0.000000,0.000000,0.000000,0.000000,-nan(ind),-nan(ind),-nan(ind),0.000000,0.000000,0.000000,0.000000,0.000000,0.000000,0.000000,0.000000,0.000000,0.000000,0.000000,0.000000,0.000000,0.000000,0.000000,49.119046,lipne,bk,,70,4,porolny
20,20_lip_p_m,25566,14855,11034,3402,392,25,2,0,0,0,0,0,0.510000,30.020000,18.401421,19.246508,4.966706,24.668171,0.269909,5.309999,-1.205462,5.084881,3.653258,2.629999,2.606509,18.401421,2.635147,-0.484641,0.516491,0.143203,-0.183914,0.196001,0.820000,8.140000,12.350000,15.358001,16.320000,17.080000,18.129999,19.139999,20.120001,21.129999,21.629999,22.219999,23.719999,24.850000,26.884600,0.606283,19.059874,19.526333,0.000000,0.000000,0.000000,0.000000,0.000000,0.000000,-nan(ind),0.000000,-nan(ind),-nan(ind),0.000000,0.000000,0.000000,0.000000,0.000000,-nan(ind),-nan(ind),-nan(ind),0.000000,0.000000,0.000000,0.000000,0.000000,0.000000,0.000000,0.000000,0.000000,0.000000,0.000000,0.000000,0.000000,0.000000,0.000000,39.599177,lipne,md,,60,3,porolny
21,21_lip_p_m,35361,27539,20170,6339,958,72,0,0,0,0,0,0,0.510000,33.090000,13.511456,3.095714,9.295765,86.411250,0.687991,18.404999,0.101402,1.510406,8.405459,9.730000,11.074286,13.511456,5.295156,0.261174,-0.409586,0.391901,0.049323,-0.077351,0.810000,1.670000,2.370000,3.300000,3.735000,4.250000,8.862001,14.170000,17.540001,20.709999,22.139999,23.510000,25.950001,27.420000,29.570000,0.399062,16.400230,18.222130,0.000000,0.000000,0.000000,0.000000,0.000000,0.000000,-nan(ind),0.000000,-nan(ind),-nan(ind),0.000000,0.000000,0.000000,0.000000,0.000000,-nan(ind),-nan(ind),-nan(ind),0.000000,0.000000,0.000000,0.000000,0.000000,0.000000,0.000000,0.000000,0.000000,0.000000,0.000000,0.000000,0.000000,0.000000,0.000000,34.974202,lipne,jd,,70,4,porolny
22,22_lip_p_m,42493,32698,22043,8965,1565,121,4,0,0,0,0,0,0.510000,25.250000,17.285878,18.181429,3.864908,14.937515,0.223588,4.040001,-1.382222,5.234655,2.853818,1.949999,1.928572,17.285878,2.027646,-0.484167,0.387605,0.117301,-0.238783,0.191160,4.010000,8.960000,12.050000,15.070000,15.830000,16.450001,17.330000,18.110001,18.790001,19.520000,19.870001,20.240000,21.209999,21.911503,23.020000,0.678087,17.712669,18.028603,0.000000,0.000000,0.000000,0.000000,0.000000,0.000000,-nan(ind),0.000000,-nan(ind),-nan(ind),0.000000,0.000000,0.000000,0.000000,0.000000,-nan(ind),-nan(ind),-nan(ind),0.000000,0.000000,0.000000,0.000000,0.000000,0.000000,0.000000,0.000000,0.000000,0.000000,0.000000,0.000000,0.000000,0.000000,0.000000,57.048263,lipne,bk,,70,4,porolny
23,23_cza_p_d,137958,88281,69305,17106,1782,85,3,0,0,0,0,0,0.510000,26.559999,12.238249,0.510000,7.338317,53.850898,0.599622,14.600000,-0.293294,1.658648,6.470851,5.630000,13.530000,12.238249,4.171360,-0.358781,-0.159690,0.340846,-0.086011,-0.038283,0.570000,0.930000,1.570000,2.740000,3.910000,6.690000,11.400000,14.040000,16.110001,17.780001,18.510000,19.260000,20.879999,21.969999,23.750000,0.450221,14.269724,15.458684,0.000000,0.000000,0.000000,0.000000,0.000000,0.000000,-nan(ind),0.000000,-nan(ind),-nan(ind),0.000000,0.000000,0.000000,0.000000,0.000000,-nan(ind),-nan(ind),-nan(ind),0.000000,0.000000,0.000000,0.000000,0.000000,0.000000,0.000000,0.000000,0.000000,0.000000,0.000000,0.000000,0.000000,0.000000,0.000000,32.692622,czarne,so,les,75,4,porolny
24,24_cza_p_d,106050,69297,54065,13792,1380,59,1,0,0,0,0,0,0.510000,26.719999,14.243836,0.510000,6.173992,38.118179,0.433450,7.209999,-0.883348,2.933838,4.872269,3.419999,15.200000,14.243836,3.372096,-0.703177,0.399196,0.236741,-0.208528,0.118382,0.540000,0.810000,2.240000,9.960000,11.520000,12.630000,14.350000,15.710000,16.969999,18.150000,18.730000,19.320000,20.750000,21.820000,23.750000,0.523992,15.524319,16.274964,0.000000,0.000000,0.000000,0.000000,0.000000,0.000000,-nan(ind),0.000000,-nan(ind),-nan(ind),0.000000,0.000000,0.000000,0.000000,0.000000,-nan(ind),-nan(ind),-nan(ind),0.000000,0.000000,0.000000,0.000000,0.000000,0.000000,0.000000,0.000000,0.000000,0.000000,0.000000,0.000000,0.000000,0.000000,0.000000,39.034962,czarne,so,les,75,4,porolny
25,25_cza_p_d,134834,89995,71064,17218,1640,73,0,0,0,0,0,0,0.510000,25.629999,15.391645,0.510000,5.779739,33.405380,0.375511,6.410001,-1.189295,3.748410,4.444165,2.920000,16.480000,15.391645,3.068316,-0.806057,0.470476,0.199349,-0.262703,0.153334,0.540000,0.810000,6.020000,11.758008,13.030000,14.110000,15.800000,16.990000,18.020000,18.969999,19.440001,19.930000,21.100000,21.950001,23.360001,0.592422,16.441038,17.053090,0.000000,0.000000,0.000000,0.000000,0.000000,0.000000,-nan(ind),0.000000,-nan(ind),-nan(ind),0.000000,0.000000,0.000000,0.000000,0.000000,-nan(ind),-nan(ind),-nan(ind),0.000000,0.000000,0.000000,0.000000,0.000000,0.000000,0.000000,0.000000,0.000000,0.000000,0.000000,0.000000,0.000000,0.000000,0.000000,43.709958,czarne,so,les,75,4,porolny
26,26_cza_p_m,34473,22020,17583,4051,372,14,0,0,0,0,0,0,0.510000,25.889999,13.153225,0.510000,7.379885,54.462702,0.561070,14.732500,-0.495208,1.757787,6.450341,4.590000,15.120000,13.153225,4.121937,-0.615868,-0.089270,0.313378,-0.149412,-0.021657,0.600000,1.120000,1.870000,3.190000,4.407500,8.960000,13.680000,15.630000,17.280001,18.530001,19.139999,19.760000,21.240995,22.209999,23.708105,0.498157,15.082027,16.166943,0.000000,0.000000,0.000000,0.000000,0.000000,0.000000,-nan(ind),0.000000,-nan(ind),-nan(ind),0.000000,0.000000,0.000000,0.000000,0.000000,-nan(ind),-nan(ind),-nan(ind),0.000000,0.000000,0.000000,0.000000,0.000000,0.000000,0.000000,0.000000,0.000000,0.000000,0.000000,0.000000,0.000000,0.000000,0.000000,35.063959,czarne,so,les,75,4,porolny
27,27_czn_l_d,148342,92406,65101,23556,3541,202,6,0,0,0,0,0,0.510000,32.169998,16.247885,18.098888,5.520809,30.479328,0.339786,6.560001,-0.803997,3.373862,4.298456,3.100000,2.988888,16.247885,3.029229,-0.515511,0.457288,0.186438,-0.170179,0.150959,1.220000,4.520000,8.030000,12.130000,13.480000,14.510000,16.070000,17.340000,18.430000,19.500000,20.040001,20.610001,22.209999,23.570000,26.240000,0.497091,17.160209,17.799952,8.000000,123.000000,24.264236,11.650794,12.840184,164.870333,0.529181,15.000000,1.507826,5.773430,9.850158,24.264236,6.705526,1.908585,0.926720,0.276354,0.284629,0.138202,10.000000,11.000000,12.000000,14.000000,15.000000,16.000000,18.000000,21.000000,24.000000,28.000000,30.000000,33.000000,42.000000,50.000000,67.000000,38.606064,czarne,bk,jd,115,6,lesny
28,28_czn_l_d,153101,100594,74558,22938,2906,189,3,0,0,0,0,0,0.510000,32.990002,16.984730,18.554445,5.730699,32.840907,0.337403,7.120000,-0.683828,3.340067,4.468204,3.510000,3.455555,16.984730,3.173428,-0.415119,0.458292,0.186840,-0.130811,0.144416,1.310000,5.100000,9.260000,12.700000,13.880000,14.850000,16.410000,17.750000,18.980000,20.299999,21.000000,21.780001,23.600000,24.980000,27.629999,0.507227,17.925447,18.609226,8.000000,146.000000,24.009156,18.952381,11.809728,139.469671,0.491884,15.000000,1.415926,5.975312,9.149751,24.009156,6.263731,1.530616,0.764651,0.260889,0.244362,0.122076,10.000000,11.000000,12.000000,14.000000,15.000000,16.000000,18.000000,21.000000,24.000000,28.000000,30.000000,33.000000,40.000000,47.000000,63.000000,40.472863,czarne,bk,jd,115,6,lesny
29,29_czn_l_d,123694,88006,69015,17351,1559,78,3,0,0,0,0,0,0.510000,34.959999,13.813956,12.540158,6.226825,38.773345,0.450763,8.760000,0.307789,2.609318,5.050620,4.350000,4.319842,13.813956,3.536651,0.226701,0.348305,0.256020,0.064101,0.098484,1.610000,4.300000,5.920000,8.260000,9.240000,10.130000,11.800000,13.330000,14.930000,16.900000,18.000000,19.240000,22.590000,24.840000,28.680000,0.386182,15.152501,16.282963,8.000000,106.000000,23.745529,12.666667,10.721296,114.946198,0.451508,15.000000,1.271625,5.474822,8.362666,23.745529,5.762195,1.209985,0.674972,0.242664,0.209987,0.117138,10.000000,11.000000,12.000000,14.000000,15.000000,17.000000,19.000000,22.000000,24.000000,28.000000,30.000000,32.000000,38.000000,44.000000,58.000000,34.164160,czarne,jd,bk,115,6,lesny
30,30_czn_l_d,92387,72674,56468,14894,1248,63,1,0,0,0,0,0,0.520000,31.820000,16.287261,16.418413,5.871017,34.468843,0.360467,8.420000,-0.238635,2.527079,4.788450,4.195000,4.211586,16.287261,3.342507,-0.171828,0.312085,0.205222,-0.051407,0.093369,2.680000,5.740000,8.190000,11.180000,12.230000,13.230000,15.040000,16.625000,18.160000,19.780001,20.650000,21.629999,23.790001,25.219999,27.840000,0.503746,17.313095,18.127176,8.000000,109.000000,25.365027,14.412698,11.212490,125.719931,0.442045,15.000000,1.161415,5.331754,8.791013,25.365027,6.083986,1.075371,0.683721,0.239857,0.176754,0.112380,10.000000,11.000000,13.000000,15.000000,17.000000,18.000000,21.000000,24.000000,27.000000,30.000000,32.000000,34.000000,40.000000,45.000000,62.000000,45.567558,czarne,jd,bk,115,6,lesny
31,31_dlu_p_d,126472,67690,54388,12100,1160,41,1,0,0,0,0,0,0.510000,27.190001,15.225917,18.296667,4.576924,20.948231,0.300601,5.469999,-1.047549,3.664114,3.577403,2.449999,2.326667,15.225917,2.469898,-0.570762,0.356469,0.162217,-0.231087,0.144325,2.120000,5.300000,8.280000,11.837998,13.020000,13.970000,15.385997,16.430000,17.320000,18.100000,18.490000,18.870001,19.840000,20.580000,22.209999,0.551571,15.898946,16.369297,0.000000,0.000000,0.000000,0.000000,0.000000,0.000000,-nan(ind),0.000000,-nan(ind),-nan(ind),0.000000,0.000000,0.000000,0.000000,0.000000,-nan(ind),-nan(ind),-nan(ind),0.000000,0.000000,0.000000,0.000000,0.000000,0.000000,0.000000,0.000000,0.000000,0.000000,0.000000,0.000000,0.000000,0.000000,0.000000,36.735623,dlugie,bk,,70,4,porolny
32,32_mag_l_d,97936,81796,66848,14239,691,18,0,0,0,0,0,0,0.510000,37.830002,19.804043,21.243334,6.722563,45.192853,0.339454,8.830001,-0.522706,2.859224,5.373989,4.309999,4.236665,19.804043,3.772966,-0.430540,0.448871,0.190515,-0.114112,0.118970,2.850000,6.827500,9.880000,14.240000,15.790000,17.040001,19.059999,20.760000,22.260000,23.809999,24.620001,25.500000,27.719999,29.450001,32.460468,0.516989,20.913929,21.752957,8.000000,105.000000,22.930204,15.698413,9.353202,87.482395,0.407899,12.000000,1.243565,6.128449,7.262226,22.930204,5.052741,0.879172,0.597953,0.220353,0.173999,0.118342,10.000000,11.000000,12.000000,15.000000,16.000000,17.000000,19.000000,22.000000,24.000000,27.000000,28.000000,30.000000,35.000000,39.000000,52.000000,50.453220,nieznajowa,jd,,140,7,lesny
33,33_wol_l_d,112911,94606,56879,29774,7175,744,32,2,0,0,0,0,0.510000,37.220001,21.396627,23.817937,7.647075,58.477759,0.357396,10.070000,-0.706075,3.028768,6.108184,4.960001,4.842062,21.396627,4.263418,-0.623509,0.488071,0.199257,-0.146246,0.114479,1.310000,5.350000,10.470000,15.470000,17.070000,18.330000,20.530001,22.549999,24.420000,26.209999,27.139999,28.100000,30.340000,31.850000,33.820000,0.568963,22.722077,23.653349,0.000000,0.000000,0.000000,0.000000,0.000000,0.000000,-nan(ind),0.000000,-nan(ind),-nan(ind),0.000000,0.000000,0.000000,0.000000,0.000000,-nan(ind),-nan(ind),-nan(ind),0.000000,0.000000,0.000000,0.000000,0.000000,0.000000,0.000000,0.000000,0.000000,0.000000,0.000000,0.000000,0.000000,0.000000,0.000000,52.234113,wolowiec,bk,,65,4,porolny
34,34_nie_p_d,132182,61010,50005,10197,777,31,0,0,0,0,0,0,0.510000,24.959999,8.980835,12.152857,4.430325,19.627779,0.493309,6.800000,0.252571,2.845017,3.669592,3.290000,3.712857,8.980835,2.504432,0.034543,0.191976,0.278864,0.013793,0.076654,0.710000,2.050000,3.078999,4.650000,5.380000,6.160000,7.680000,9.220000,10.600000,11.720000,12.180000,12.630000,13.820000,16.055508,21.040001,0.346455,10.014133,10.843876,8.000000,109.000000,19.400885,12.809524,9.437093,89.058715,0.486426,10.000000,2.230877,10.461849,6.734489,19.400885,4.619592,1.557563,0.908232,0.238112,0.337165,0.196604,9.000000,10.000000,11.000000,12.000000,13.000000,14.000000,15.000000,17.000000,19.000000,21.000000,23.000000,25.000000,31.000000,38.000000,55.000000,20.952020,nieznajowa,bk,,,,porolny
35,35_nie_p_d,133356,105814,74439,26799,4274,293,9,0,0,0,0,0,0.510000,27.900000,16.791278,20.509047,4.927657,24.281803,0.293465,6.527500,-0.851797,3.258833,3.948639,3.070001,3.030954,16.791278,2.720034,-0.502679,0.306943,0.161991,-0.184806,0.112845,3.000000,6.860000,9.590000,12.890000,13.992500,14.930000,16.500000,17.860001,19.010000,20.020000,20.520000,21.010000,22.129999,23.000000,24.520000,0.594424,17.499388,18.024127,8.000000,125.000000,28.793969,13.571429,15.241936,232.316628,0.529345,18.000000,1.411018,5.418110,11.597448,28.793969,8.043342,2.037674,1.183246,0.279341,0.253337,0.147109,10.000000,12.000000,13.000000,16.000000,18.000000,19.000000,22.000000,25.000000,29.000000,33.000000,36.000000,39.000000,50.000000,60.000000,80.000000,53.747616,nieznajowa,bk,,80,4,porolny
36,36_swi_p_d,148091,90426,71503,17107,1735,80,1,0,0,0,0,0,0.510000,26.900000,15.550436,18.103333,5.378296,28.926064,0.345861,6.520000,-0.919233,3.091047,4.271338,2.970001,2.726667,15.550436,2.938584,-0.641478,0.363312,0.188971,-0.218295,0.123635,1.660000,4.070000,6.570000,11.360000,12.920000,14.060000,15.730000,16.959999,18.010000,18.950001,19.440001,19.969999,21.170000,22.100000,23.719999,0.569929,16.454233,17.061780,0.000000,0.000000,0.000000,0.000000,0.000000,0.000000,-nan(ind),0.000000,-nan(ind),-nan(ind),0.000000,0.000000,0.000000,0.000000,0.000000,-nan(ind),-nan(ind),-nan(ind),0.000000,0.000000,0.000000,0.000000,0.000000,0.000000,0.000000,0.000000,0.000000,0.000000,0.000000,0.000000,0.000000,0.000000,0.000000,39.772463,swierzowa,so,bk,60,3,porolny
37,37_swi_p_d,184229,128763,97849,27431,3293,184,6,0,0,0,0,0,0.510000,28.910000,14.340254,16.287778,4.938579,24.389566,0.344386,6.580001,-0.566653,2.930347,3.954037,3.150001,2.992223,14.340254,2.761990,-0.355713,0.324578,0.192604,-0.128789,0.117516,1.550000,4.720000,7.120000,10.210000,11.360000,12.340000,13.870000,15.130000,16.280001,17.370001,17.940001,18.510000,19.930000,21.120001,23.700001,0.486981,15.166814,15.780819,0.000000,0.000000,0.000000,0.000000,0.000000,0.000000,-nan(ind),0.000000,-nan(ind),-nan(ind),0.000000,0.000000,0.000000,0.000000,0.000000,-nan(ind),-nan(ind),-nan(ind),0.000000,0.000000,0.000000,0.000000,0.000000,0.000000,0.000000,0.000000,0.000000,0.000000,0.000000,0.000000,0.000000,0.000000,0.000000,42.528185,swierzowa,jd,,60,3,porolny
38,38_swi_p_d,147444,98494,76344,19836,2198,116,0,0,0,0,0,0,0.510000,26.440001,14.273072,17.385080,5.321382,28.317110,0.372827,7.469999,-0.549160,2.498014,4.363827,3.520000,3.365079,14.273072,3.000468,-0.407718,0.252063,0.210219,-0.135885,0.084008,1.880000,4.110000,5.850000,9.480000,10.840000,12.010000,13.780000,15.280000,16.540001,17.730000,18.309999,18.959999,20.480000,21.490000,23.220703,0.530778,15.232774,15.923422,0.000000,0.000000,0.000000,0.000000,0.000000,0.000000,-nan(ind),0.000000,-nan(ind),-nan(ind),0.000000,0.000000,0.000000,0.000000,0.000000,-nan(ind),-nan(ind),-nan(ind),0.000000,0.000000,0.000000,0.000000,0.000000,0.000000,0.000000,0.000000,0.000000,0.000000,0.000000,0.000000,0.000000,0.000000,0.000000,40.668201,swierzowa,so,brz,60,3,porolny
39,39_swi_l_d,171586,125697,87502,31824,5688,646,36,1,0,0,0,0,0.510000,33.230000,19.492223,22.842698,5.867600,34.428727,0.301023,7.780001,-0.751097,3.392299,4.656730,3.820000,3.782699,19.492223,3.256990,-0.460247,0.397322,0.167092,-0.141311,0.121991,2.120000,8.110000,11.640000,14.890000,16.070000,17.070000,18.799999,20.330000,21.760000,23.150000,23.850000,24.590000,26.280001,27.480000,29.379999,0.580141,20.356208,21.004934,0.000000,0.000000,0.000000,0.000000,0.000000,0.000000,-nan(ind),0.000000,-nan(ind),-nan(ind),0.000000,0.000000,0.000000,0.000000,0.000000,-nan(ind),-nan(ind),-nan(ind),0.000000,0.000000,0.000000,0.000000,0.000000,0.000000,0.000000,0.000000,0.000000,0.000000,0.000000,0.000000,0.000000,0.000000,0.000000,48.133842,swierzowa,jd,,100,5,lesny
40,40_nbk_l_d,160913,135721,49793,41313,26849,12563,4194,898,111,0,0,0,0.510000,38.250000,23.496425,27.467143,8.829823,77.965772,0.375794,7.450001,-1.355970,3.823149,6.586041,3.480000,3.327143,23.496425,4.517669,-1.443863,0.821018,0.192270,-0.319604,0.181735,0.980000,2.580000,5.420000,19.719999,21.799999,23.049999,24.840000,26.250000,27.469999,28.639999,29.250000,29.920000,31.490000,32.680000,34.529999,0.609073,25.100740,25.979358,0.000000,0.000000,0.000000,0.000000,0.000000,0.000000,-nan(ind),0.000000,-nan(ind),-nan(ind),0.000000,0.000000,0.000000,0.000000,0.000000,-nan(ind),-nan(ind),-nan(ind),0.000000,0.000000,0.000000,0.000000,0.000000,0.000000,0.000000,0.000000,0.000000,0.000000,0.000000,0.000000,0.000000,0.000000,0.000000,56.680103,nat,bk,,145,7,lesny
41,41_nbk_l_d,171052,128990,48795,40047,25084,10961,3347,680,76,0,0,0,0.510000,36.849998,23.547766,23.583015,5.366653,28.800968,0.227905,6.490000,-1.083271,5.460244,4.039268,3.240002,3.276986,23.547766,2.888814,-0.376931,0.479196,0.122679,-0.130480,0.165880,3.758900,14.470000,17.299999,19.889999,20.740000,21.510000,22.840000,24.049999,25.270000,26.540001,27.230000,27.980000,29.650000,30.910000,33.160000,0.633951,24.151564,24.620565,0.000000,0.000000,0.000000,0.000000,0.000000,0.000000,-nan(ind),0.000000,-nan(ind),-nan(ind),0.000000,0.000000,0.000000,0.000000,0.000000,-nan(ind),-nan(ind),-nan(ind),0.000000,0.000000,0.000000,0.000000,0.000000,0.000000,0.000000,0.000000,0.000000,0.000000,0.000000,0.000000,0.000000,0.000000,0.000000,53.103731,nat,bk,,145,7,lesny
42,42_njd_l_d,102378,71309,56062,14054,1137,55,1,0,0,0,0,0,0.510000,30.139999,9.030180,0.510000,6.600995,43.573129,0.730993,10.880000,0.601141,2.342133,5.633670,4.980000,7.000000,9.030180,3.719968,0.607028,0.092315,0.411948,0.163181,0.024816,0.590000,0.900000,1.410000,2.630000,3.210000,3.944004,5.590000,7.510000,10.000000,12.750000,14.090000,15.470000,18.730000,21.186016,24.969999,0.287552,11.185556,12.784742,0.000000,0.000000,0.000000,0.000000,0.000000,0.000000,-nan(ind),0.000000,-nan(ind),-nan(ind),0.000000,0.000000,0.000000,0.000000,0.000000,-nan(ind),-nan(ind),-nan(ind),0.000000,0.000000,0.000000,0.000000,0.000000,0.000000,0.000000,0.000000,0.000000,0.000000,0.000000,0.000000,0.000000,0.000000,0.000000,24.902936,nat,jd,,140,7,lesny
43,43_njd_l_d,97100,84322,60988,20679,2477,166,11,1,0,0,0,0,0.510000,36.230000,17.439585,16.385555,6.233000,38.850292,0.357405,8.380000,-0.191315,2.757465,4.973955,4.200000,4.304445,17.439585,3.528448,-0.122288,0.420906,0.202324,-0.034658,0.119289,2.320000,6.350000,9.100000,12.300000,13.440000,14.450000,16.120001,17.559999,19.090000,20.860001,21.820000,22.900000,25.530001,27.459530,30.280001,0.473953,18.519961,19.390179,0.000000,0.000000,0.000000,0.000000,0.000000,0.000000,-nan(ind),0.000000,-nan(ind),-nan(ind),0.000000,0.000000,0.000000,0.000000,0.000000,-nan(ind),-nan(ind),-nan(ind),0.000000,0.000000,0.000000,0.000000,0.000000,0.000000,0.000000,0.000000,0.000000,0.000000,0.000000,0.000000,0.000000,0.000000,0.000000,49.260152,nat,jd,,140,7,lesny
44,44_njd_l_d,130276,100061,74695,22482,2664,202,18,0,0,0,0,0,0.510000,30.070000,13.927506,16.932222,5.589596,31.243579,0.401335,7.700000,-0.408364,2.573249,4.541157,3.650001,3.622222,13.927506,3.158933,-0.320083,0.319488,0.226813,-0.101326,0.101138,0.990000,3.350000,5.570000,8.890000,10.220000,11.390000,13.320000,14.800000,16.080000,17.320000,17.920000,18.620001,20.570000,22.070000,24.700001,0.453908,15.007288,15.788489,0.000000,0.000000,0.000000,0.000000,0.000000,0.000000,-nan(ind),0.000000,-nan(ind),-nan(ind),0.000000,0.000000,0.000000,0.000000,0.000000,-nan(ind),-nan(ind),-nan(ind),0.000000,0.000000,0.000000,0.000000,0.000000,0.000000,0.000000,0.000000,0.000000,0.000000,0.000000,0.000000,0.000000,0.000000,0.000000,42.936627,nat,jd,,140,7,lesny
45,45_lip_p_d,114103,85215,61125,20623,3204,246,17,0,0,0,0,0,0.510000,22.959999,9.065715,2.648095,5.384511,28.992959,0.593942,9.710000,0.241458,1.818550,4.717116,4.809999,5.991905,9.065715,3.090920,0.223399,-0.040811,0.340946,0.072276,-0.013204,0.870000,1.790000,2.420000,3.470000,4.010000,4.690000,6.490000,8.640000,10.670000,12.830000,13.720000,14.610000,16.590000,17.959999,19.760000,0.381101,10.544184,11.625704,0.000000,0.000000,0.000000,0.000000,0.000000,0.000000,-nan(ind),0.000000,-nan(ind),-nan(ind),0.000000,0.000000,0.000000,0.000000,0.000000,-nan(ind),-nan(ind),-nan(ind),0.000000,0.000000,0.000000,0.000000,0.000000,0.000000,0.000000,0.000000,0.000000,0.000000,0.000000,0.000000,0.000000,0.000000,0.000000,33.737476,lipne,jd,bk,25,2,porolny
46,46_nie_p_d,92857,70069,53886,14679,1436,65,3,0,0,0,0,0,0.510000,29.809999,15.760605,19.578254,7.213496,52.034525,0.457692,11.560000,-0.548480,2.080592,6.192504,4.740000,4.091746,15.760605,4.062481,-0.651815,0.121297,0.257762,-0.160448,0.029858,1.310000,2.550000,3.750000,8.260000,9.970000,11.690000,15.640000,18.000000,19.540001,20.850000,21.530001,22.200001,23.740000,24.879999,26.680000,0.520498,17.332930,18.340493,0.000000,0.000000,0.000000,0.000000,0.000000,0.000000,-nan(ind),0.000000,-nan(ind),-nan(ind),0.000000,0.000000,0.000000,0.000000,0.000000,-nan(ind),-nan(ind),-nan(ind),0.000000,0.000000,0.000000,0.000000,0.000000,0.000000,0.000000,0.000000,0.000000,0.000000,0.000000,0.000000,0.000000,0.000000,0.000000,44.048746,nieznajowa,so,,50,3,porolny
47,47_wol_l_d,188174,167699,100912,52286,12992,1440,68,1,0,0,0,0,0.510000,35.000000,23.828030,24.598254,5.391423,29.067440,0.226264,5.939999,-1.509490,6.237934,3.931685,2.920000,2.948254,23.828030,2.807489,-0.607831,0.536905,0.117823,-0.216503,0.191240,3.439800,13.200000,17.760000,20.650000,21.530001,22.320000,23.610001,24.750000,25.830000,26.916016,27.469999,28.049999,29.410000,30.370001,31.850000,0.676081,24.430356,24.863380,0.000000,0.000000,0.000000,0.000000,0.000000,0.000000,-nan(ind),0.000000,-nan(ind),-nan(ind),0.000000,0.000000,0.000000,0.000000,0.000000,-nan(ind),-nan(ind),-nan(ind),0.000000,0.000000,0.000000,0.000000,0.000000,0.000000,0.000000,0.000000,0.000000,0.000000,0.000000,0.000000,0.000000,0.000000,0.000000,65.850440,wolowiec,bk,,90,5,lesny
48,48_wol_p_d,197959,153217,105772,39872,7006,547,19,1,0,0,0,0,0.510000,29.030001,14.146112,19.070635,6.020133,36.242005,0.425568,9.480000,-0.331875,2.168020,5.084600,4.490000,4.469366,14.146112,3.437287,-0.316053,0.163238,0.242985,-0.091948,0.047490,1.400000,3.450000,5.190000,8.060000,9.540000,10.840000,13.080000,15.080000,16.770000,18.299999,19.020000,19.719999,21.314062,22.480000,25.008438,0.478125,15.373817,16.256847,0.000000,0.000000,0.000000,0.000000,0.000000,0.000000,-nan(ind),0.000000,-nan(ind),-nan(ind),0.000000,0.000000,0.000000,0.000000,0.000000,-nan(ind),-nan(ind),-nan(ind),0.000000,0.000000,0.000000,0.000000,0.000000,0.000000,0.000000,0.000000,0.000000,0.000000,0.000000,0.000000,0.000000,0.000000,0.000000,43.522365,wolowiec,jd,,50,3,porolny
49,49_wol_p_d,102219,72002,51827,17625,2426,123,1,0,0,0,0,0,0.510000,28.670000,13.406847,13.919524,5.402476,29.186752,0.402964,7.707499,-0.199569,2.533853,4.399310,3.830000,3.829524,13.406847,3.074673,-0.144092,0.297651,0.229336,-0.046864,0.096807,1.030100,3.690500,5.941001,8.680000,9.670000,10.600000,12.280000,13.770000,15.140000,16.549999,17.377499,18.240000,20.240000,21.750000,24.490000,0.457985,14.454407,15.258074,0.000000,0.000000,0.000000,0.000000,0.000000,0.000000,-nan(ind),0.000000,-nan(ind),-nan(ind),0.000000,0.000000,0.000000,0.000000,0.000000,-nan(ind),-nan(ind),-nan(ind),0.000000,0.000000,0.000000,0.000000,0.000000,0.000000,0.000000,0.000000,0.000000,0.000000,0.000000,0.000000,0.000000,0.000000,0.000000,38.473545,wolowiec,so,,45,3,porolny
50,50_lip_l_d,118750,57477,46776,9808,854,38,1,0,0,0,0,0,0.510000,30.879999,14.786108,17.864285,6.435157,41.411250,0.435216,8.940000,-0.593005,2.470341,5.287234,3.500000,3.204285,14.786108,3.579332,-0.594017,0.334966,0.242074,-0.165958,0.093583,0.880000,2.390000,4.090000,8.170000,10.370000,12.460000,15.130000,16.670000,17.730000,18.740000,19.309999,19.920000,21.580000,23.150000,26.622383,0.470073,16.125741,16.998320,0.000000,0.000000,0.000000,0.000000,0.000000,0.000000,-nan(ind),0.000000,-nan(ind),-nan(ind),0.000000,0.000000,0.000000,0.000000,0.000000,-nan(ind),-nan(ind),-nan(ind),0.000000,0.000000,0.000000,0.000000,0.000000,0.000000,0.000000,0.000000,0.000000,0.000000,0.000000,0.000000,0.000000,0.000000,0.000000,27.345467,lipne,bk,,85,5,lesny
51,51_reg_l_d,147597,131995,91493,34225,5684,548,44,1,0,0,0,0,0.510000,33.150002,18.985775,20.197620,5.340084,28.516498,0.281268,6.580000,-0.601276,3.413568,4.162837,3.240000,3.202380,18.985775,2.964314,-0.319704,0.439456,0.156133,-0.107851,0.148249,3.960000,8.790000,11.760000,14.940000,16.020000,16.900000,18.309999,19.600000,20.770000,21.969999,22.600000,23.299999,25.299999,26.870001,29.340000,0.566047,19.722473,20.308749,0.000000,0.000000,0.000000,0.000000,0.000000,0.000000,-nan(ind),0.000000,-nan(ind),-nan(ind),0.000000,0.000000,0.000000,0.000000,0.000000,-nan(ind),-nan(ind),-nan(ind),0.000000,0.000000,0.000000,0.000000,0.000000,0.000000,0.000000,0.000000,0.000000,0.000000,0.000000,0.000000,0.000000,0.000000,0.000000,57.093568,regietow,jd,,117,6,lesny
52,52_mag_l_d,110966,92221,74132,16860,1184,45,0,0,0,0,0,0,0.510000,36.119999,20.413748,23.119523,6.061545,36.742330,0.296934,7.629999,-0.695813,3.350550,4.761288,3.760000,3.719523,20.413748,3.361556,-0.451774,0.461293,0.164671,-0.134394,0.137226,3.410000,8.650000,11.830000,15.890000,17.080000,18.090000,19.790001,21.280001,22.639999,24.000000,24.709999,25.480000,27.379999,28.840000,31.457968,0.558937,21.294671,21.968263,0.000000,0.000000,0.000000,0.000000,0.000000,0.000000,-nan(ind),0.000000,-nan(ind),-nan(ind),0.000000,0.000000,0.000000,0.000000,0.000000,-nan(ind),-nan(ind),-nan(ind),0.000000,0.000000,0.000000,0.000000,0.000000,0.000000,0.000000,0.000000,0.000000,0.000000,0.000000,0.000000,0.000000,0.000000,0.000000,53.397241,nieznajowa,jd,,140,7,lesny
53,53_cza_l_d,193891,149322,131540,17448,334,0,0,0,0,0,0,0,0.510000,28.309999,8.946320,4.040159,5.435624,29.546011,0.607582,8.350000,0.587662,2.703000,4.520474,4.120000,4.279841,8.946320,3.066963,0.396099,0.186561,0.342818,0.129150,0.060829,0.780000,1.690000,2.530000,3.780000,4.310000,4.890000,6.550000,8.320000,10.030000,11.730000,12.660000,13.700000,16.490000,18.950001,23.330000,0.303465,10.468164,11.704325,0.000000,0.000000,0.000000,0.000000,0.000000,0.000000,-nan(ind),0.000000,-nan(ind),-nan(ind),0.000000,0.000000,0.000000,0.000000,0.000000,-nan(ind),-nan(ind),-nan(ind),0.000000,0.000000,0.000000,0.000000,0.000000,0.000000,0.000000,0.000000,0.000000,0.000000,0.000000,0.000000,0.000000,0.000000,0.000000,29.302728,czarne,jd,,95,5,lesny
54,54_wys_l_d,138100,110153,89121,19710,1267,52,3,0,0,0,0,0,0.510000,35.439999,17.066445,18.806666,6.482595,42.024042,0.379844,9.070000,-0.319355,2.501634,5.278943,4.439999,4.343334,17.066445,3.681655,-0.288120,0.347883,0.215725,-0.078258,0.094491,2.450000,5.190000,7.520000,11.220000,12.740000,13.990000,16.090000,17.780001,19.370001,20.990000,21.809999,22.740000,25.020000,26.690001,29.730000,0.473989,18.256156,19.161514,0.000000,0.000000,0.000000,0.000000,0.000000,0.000000,-nan(ind),0.000000,-nan(ind),-nan(ind),0.000000,0.000000,0.000000,0.000000,0.000000,-nan(ind),-nan(ind),-nan(ind),0.000000,0.000000,0.000000,0.000000,0.000000,0.000000,0.000000,0.000000,0.000000,0.000000,0.000000,0.000000,0.000000,0.000000,0.000000,45.408834,wyszowatka,jd,,75,4,lesny
55,55_wys_p_d,87793,72356,38498,24108,7889,1579,258,24,0,0,0,0,0.510000,25.870001,11.152821,10.976032,5.610407,31.476666,0.503048,8.820000,-0.005481,2.084414,4.718382,4.400000,4.416032,11.152821,3.228351,-0.017408,0.151182,0.289465,-0.005392,0.046830,0.970000,1.947500,3.160000,5.640000,6.760000,7.760000,9.590000,11.250000,12.910000,14.650000,15.580000,16.549999,18.620001,20.010000,22.350000,0.419670,12.484456,13.461573,0.000000,0.000000,0.000000,0.000000,0.000000,0.000000,-nan(ind),0.000000,-nan(ind),-nan(ind),0.000000,0.000000,0.000000,0.000000,0.000000,-nan(ind),-nan(ind),-nan(ind),0.000000,0.000000,0.000000,0.000000,0.000000,0.000000,0.000000,0.000000,0.000000,0.000000,0.000000,0.000000,0.000000,0.000000,0.000000,40.601637,wyszowatka,so,,75,4,porolny
56,56_sni_l_d,119492,100019,81178,17895,917,29,0,0,0,0,0,0,0.510000,34.270000,17.607287,23.016667,6.624189,43.879883,0.376219,10.099999,-0.389252,2.328950,5.520442,4.900000,4.986666,17.607287,3.773447,-0.365286,0.242758,0.214312,-0.096804,0.064333,2.760000,5.430000,7.930000,11.360000,12.800000,14.140000,16.480000,18.490000,20.309999,22.049999,22.900000,23.740000,25.650000,26.930000,29.080000,0.506436,18.812124,19.715296,0.000000,0.000000,0.000000,0.000000,0.000000,0.000000,-nan(ind),0.000000,-nan(ind),-nan(ind),0.000000,0.000000,0.000000,0.000000,0.000000,-nan(ind),-nan(ind),-nan(ind),0.000000,0.000000,0.000000,0.000000,0.000000,0.000000,0.000000,0.000000,0.000000,0.000000,0.000000,0.000000,0.000000,0.000000,0.000000,49.987291,snietnica,jd,,72,4,lesny
57,57_caa_l_d,130545,99980,81717,17357,889,17,0,0,0,0,0,0,0.510000,34.110001,18.362824,20.776667,5.839421,34.098841,0.318002,7.030001,-0.882002,3.370269,4.573407,3.360001,3.223333,18.362824,3.200876,-0.599787,0.448141,0.174313,-0.187382,0.140006,2.290000,6.010000,9.400000,14.100000,15.480000,16.520000,18.219999,19.590000,20.780001,21.920000,22.510000,23.139999,24.680000,25.889999,27.950001,0.531334,19.268934,19.911802,0.000000,0.000000,0.000000,0.000000,0.000000,0.000000,-nan(ind),0.000000,-nan(ind),-nan(ind),0.000000,0.000000,0.000000,0.000000,0.000000,-nan(ind),-nan(ind),-nan(ind),0.000000,0.000000,0.000000,0.000000,0.000000,0.000000,0.000000,0.000000,0.000000,0.000000,0.000000,0.000000,0.000000,0.000000,0.000000,49.860710,czarna,so,,72,4,lesny
58,58_caa_l_d,94565,70686,56308,13545,810,23,0,0,0,0,0,0,0.510000,30.430000,16.803641,0.510000,7.947503,63.162804,0.472963,8.960001,-0.972197,2.687393,6.414396,3.670000,19.049999,16.803641,4.256885,-1.116815,0.382095,0.253331,-0.262355,0.089759,0.570000,0.800000,1.120000,9.660000,13.570000,15.600000,17.969999,19.559999,20.820000,21.959999,22.530001,23.120001,24.520000,25.570000,27.260000,0.544574,18.588283,19.522644,0.000000,0.000000,0.000000,0.000000,0.000000,0.000000,-nan(ind),0.000000,-nan(ind),-nan(ind),0.000000,0.000000,0.000000,0.000000,0.000000,-nan(ind),-nan(ind),-nan(ind),0.000000,0.000000,0.000000,0.000000,0.000000,0.000000,0.000000,0.000000,0.000000,0.000000,0.000000,0.000000,0.000000,0.000000,0.000000,45.501819,czarna,so,,72,4,lesny
59,59_usg_l_d,149987,121896,67698,39227,12656,2123,188,4,0,0,0,0,0.510000,32.029999,17.843138,21.523333,5.928932,35.152234,0.332281,8.080001,-0.700675,2.925624,4.781481,3.820000,3.606667,17.843138,3.307374,-0.519273,0.352170,0.185358,-0.157004,0.106480,2.450000,5.940000,9.065001,12.870000,14.210000,15.410000,17.450001,19.000000,20.340000,21.639999,22.290001,22.959999,24.570000,25.670000,27.670000,0.549909,18.802380,19.501408,0.000000,0.000000,0.000000,0.000000,0.000000,0.000000,-nan(ind),0.000000,-nan(ind),-nan(ind),0.000000,0.000000,0.000000,0.000000,0.000000,-nan(ind),-nan(ind),-nan(ind),0.000000,0.000000,0.000000,0.000000,0.000000,0.000000,0.000000,0.000000,0.000000,0.000000,0.000000,0.000000,0.000000,0.000000,0.000000,51.827078,ujscie_gorlickie,bk,,62,4,lesny
60,60_usg_l_d,121592,111969,70910,34068,6381,572,37,1,0,0,0,0,0.510000,51.910000,15.393421,20.090952,6.981760,48.744969,0.453555,12.130000,-0.209568,1.885829,6.094292,5.750000,4.949049,15.393421,4.004580,-0.254187,0.031803,0.260149,-0.063474,0.007942,1.810000,4.010000,5.600000,7.970000,9.050000,10.200000,13.730000,16.680000,18.709999,20.410000,21.180000,21.990000,23.900000,25.340000,27.690001,0.289561,16.902720,17.995158,0.000000,0.000000,0.000000,0.000000,0.000000,0.000000,-nan(ind),0.000000,-nan(ind),-nan(ind),0.000000,0.000000,0.000000,0.000000,0.000000,-nan(ind),-nan(ind),-nan(ind),0.000000,0.000000,0.000000,0.000000,0.000000,0.000000,0.000000,0.000000,0.000000,0.000000,0.000000,0.000000,0.000000,0.000000,0.000000,50.368909,ujscie_gorlickie,jd,,42,3,lesny
61,61_usg_l_d,120090,97301,59930,29828,6865,652,26,0,0,0,0,0,0.510000,39.080002,19.551177,24.998890,7.508476,56.377207,0.384042,11.330001,-0.383241,2.400537,6.271359,5.510000,5.401110,19.551177,4.269060,-0.414124,0.288714,0.218353,-0.097006,0.067629,2.040000,6.000000,8.620000,12.650000,14.200000,15.510000,18.139999,20.629999,22.780001,24.639999,25.530001,26.420000,28.350000,29.969999,33.570000,0.493678,20.943380,21.979223,0.000000,0.000000,0.000000,0.000000,0.000000,0.000000,-nan(ind),0.000000,-nan(ind),-nan(ind),0.000000,0.000000,0.000000,0.000000,0.000000,-nan(ind),-nan(ind),-nan(ind),0.000000,0.000000,0.000000,0.000000,0.000000,0.000000,0.000000,0.000000,0.000000,0.000000,0.000000,0.000000,0.000000,0.000000,0.000000,46.860719,ujscie_gorlickie,bk,,62,4,lesny
62,62_usg_l_d,114594,97609,62886,28201,5939,553,28,2,0,0,0,0,0.510000,38.459999,18.382115,20.388571,5.206513,27.107775,0.283238,6.200001,-0.659258,3.996388,3.977899,3.040001,3.001428,18.382115,2.843796,-0.350868,0.483530,0.154704,-0.123380,0.170030,3.060000,8.160000,11.720000,14.690000,15.590000,16.400000,17.889999,19.090000,20.160000,21.219999,21.790001,22.440001,24.100000,25.500000,29.190001,0.470938,19.105226,19.672314,0.000000,0.000000,0.000000,0.000000,0.000000,0.000000,-nan(ind),0.000000,-nan(ind),-nan(ind),0.000000,0.000000,0.000000,0.000000,0.000000,-nan(ind),-nan(ind),-nan(ind),0.000000,0.000000,0.000000,0.000000,0.000000,0.000000,0.000000,0.000000,0.000000,0.000000,0.000000,0.000000,0.000000,0.000000,0.000000,53.220261,ujscie_gorlickie,bk,,72,4,lesny
63,63_usg_l_d,117114,99068,60969,30297,7061,705,35,1,0,0,0,0,0.510000,33.860001,19.240935,20.096508,5.062939,25.633353,0.263134,5.870001,-0.832773,4.132882,3.839213,2.879999,2.846508,19.240935,2.750167,-0.392838,0.487884,0.142933,-0.142841,0.177402,3.830000,8.910000,12.760000,15.790000,16.740000,17.510000,18.820000,19.959999,21.010000,22.080000,22.610001,23.150000,24.620001,26.126484,29.510000,0.561647,19.895895,20.404101,0.000000,0.000000,0.000000,0.000000,0.000000,0.000000,-nan(ind),0.000000,-nan(ind),-nan(ind),0.000000,0.000000,0.000000,0.000000,0.000000,-nan(ind),-nan(ind),-nan(ind),0.000000,0.000000,0.000000,0.000000,0.000000,0.000000,0.000000,0.000000,0.000000,0.000000,0.000000,0.000000,0.000000,0.000000,0.000000,54.574486,ujscie_gorlickie,bk,,72,4,lesny
64,64_usg_l_d,116084,106744,73527,28139,4676,388,13,1,0,0,0,0,0.520000,35.160000,21.944746,23.063492,4.114625,16.930136,0.187499,4.910000,-0.934507,5.055645,3.125893,2.410000,2.366508,21.944746,2.230941,-0.287750,0.373111,0.101662,-0.128982,0.167244,9.144300,14.630000,16.760000,19.000000,19.750000,20.400000,21.530001,22.490000,23.350000,24.209999,24.660000,25.160000,26.520000,27.700001,29.870001,0.618497,22.327156,22.648360,0.000000,0.000000,0.000000,0.000000,0.000000,0.000000,-nan(ind),0.000000,-nan(ind),-nan(ind),0.000000,0.000000,0.000000,0.000000,0.000000,-nan(ind),-nan(ind),-nan(ind),0.000000,0.000000,0.000000,0.000000,0.000000,0.000000,0.000000,0.000000,0.000000,0.000000,0.000000,0.000000,0.000000,0.000000,0.000000,66.717026,ujscie_gorlickie,bk,,67,4,lesny
65,65_usg_l_d,162485,147011,94588,42017,9365,993,46,2,0,0,0,0,0.510000,31.219999,16.758380,22.933174,7.388425,54.588830,0.440879,12.570000,-0.440121,1.955622,6.452367,5.480000,4.483173,16.758380,4.194800,-0.553689,0.042080,0.250311,-0.131994,0.010032,1.630000,3.660000,5.590000,8.930000,10.350000,11.820000,15.880000,18.850000,20.709999,22.230000,22.920000,23.620001,25.209999,26.280001,28.000000,0.529091,18.314796,19.375187,0.000000,0.000000,0.000000,0.000000,0.000000,0.000000,-nan(ind),0.000000,-nan(ind),-nan(ind),0.000000,0.000000,0.000000,0.000000,0.000000,-nan(ind),-nan(ind),-nan(ind),0.000000,0.000000,0.000000,0.000000,0.000000,0.000000,0.000000,0.000000,0.000000,0.000000,0.000000,0.000000,0.000000,0.000000,0.000000,53.308313,ujscie_gorlickie,so,,72,4,lesny
66,66_usg_l_d,152389,129461,85815,37369,5969,304,4,0,0,0,0,0,0.510000,31.500000,19.790029,21.661905,5.106338,26.074688,0.258026,6.459999,-0.773962,3.564053,4.003319,3.129999,3.018095,19.790029,2.820821,-0.406831,0.391723,0.142538,-0.144224,0.138869,4.880000,10.060000,12.700000,15.840000,16.930000,17.860001,19.370001,20.600000,21.719999,22.809999,23.389999,23.990000,25.610001,26.850000,28.900000,0.622137,20.438193,20.950494,0.000000,0.000000,0.000000,0.000000,0.000000,0.000000,-nan(ind),0.000000,-nan(ind),-nan(ind),0.000000,0.000000,0.000000,0.000000,0.000000,-nan(ind),-nan(ind),-nan(ind),0.000000,0.000000,0.000000,0.000000,0.000000,0.000000,0.000000,0.000000,0.000000,0.000000,0.000000,0.000000,0.000000,0.000000,0.000000,57.479130,ujscie_gorlickie,bk,,47,3,lesny
67,67_usg_l_d,103550,90451,65055,22539,2737,120,0,0,0,0,0,0,0.510000,33.759998,18.152086,12.648888,6.882789,47.372786,0.379173,11.070001,0.079667,2.184336,5.836162,5.270000,5.631113,18.152086,3.941733,0.133842,0.193620,0.217150,0.033955,0.049121,3.310000,7.710000,9.850000,12.040000,12.860000,13.650000,15.350000,17.309999,19.850000,22.580000,23.930000,25.190001,27.780001,29.395000,31.629999,0.530589,19.413153,20.477480,0.000000,0.000000,0.000000,0.000000,0.000000,0.000000,-nan(ind),0.000000,-nan(ind),-nan(ind),0.000000,0.000000,0.000000,0.000000,0.000000,-nan(ind),-nan(ind),-nan(ind),0.000000,0.000000,0.000000,0.000000,0.000000,0.000000,0.000000,0.000000,0.000000,0.000000,0.000000,0.000000,0.000000,0.000000,0.000000,49.324302,ujscie_gorlickie,bk,,42,3,lesny
68,68_sme_l_d,87371,70173,56648,13035,488,2,0,0,0,0,0,0,0.510000,23.610001,11.724342,11.876667,3.746165,14.033755,0.319520,5.099999,-0.199646,2.828291,3.004459,2.540000,2.546667,11.724342,2.118784,-0.087215,0.245592,0.180717,-0.041163,0.115912,2.920000,5.180000,6.640000,8.570000,9.260000,9.870000,10.950000,11.910000,12.850000,13.830000,14.360000,14.930000,16.420000,17.600000,19.780001,0.485469,12.308280,12.795082,0.000000,0.000000,0.000000,0.000000,0.000000,0.000000,-nan(ind),0.000000,-nan(ind),-nan(ind),0.000000,0.000000,0.000000,0.000000,0.000000,-nan(ind),-nan(ind),-nan(ind),0.000000,0.000000,0.000000,0.000000,0.000000,0.000000,0.000000,0.000000,0.000000,0.000000,0.000000,0.000000,0.000000,0.000000,0.000000,47.234599,smerekowiec,jd,,47,3,lesny
69,69_sme_l_d,117136,84977,70876,13250,827,23,1,0,0,0,0,0,0.510000,26.670000,10.791390,1.340476,8.339050,69.539747,0.772750,16.720000,-0.000247,1.272557,7.925860,8.420001,12.029524,10.791390,4.625022,0.146533,-0.616103,0.428584,0.031683,-0.133211,0.600000,0.890000,1.170000,1.650000,1.880000,2.160000,3.080000,13.370000,16.080000,17.830000,18.600000,19.370001,21.049999,22.139999,23.770000,0.393020,13.637926,15.194245,0.000000,0.000000,0.000000,0.000000,0.000000,0.000000,-nan(ind),0.000000,-nan(ind),-nan(ind),0.000000,0.000000,0.000000,0.000000,0.000000,-nan(ind),-nan(ind),-nan(ind),0.000000,0.000000,0.000000,0.000000,0.000000,0.000000,0.000000,0.000000,0.000000,0.000000,0.000000,0.000000,0.000000,0.000000,0.000000,32.351256,smerekowiec,jd,,52,3,lesny
70,70_sme_l_d,124462,81434,71520,9598,312,4,0,0,0,0,0,0,0.510000,25.930000,18.167570,18.667143,3.617959,13.089627,0.199144,3.410000,-2.154017,9.975741,2.429926,1.690001,1.702858,18.167570,1.769906,-0.415690,0.434047,0.097421,-0.234865,0.245237,1.890000,12.310000,14.800000,16.430000,16.930000,17.360001,18.090000,18.740000,19.360001,20.000000,20.340000,20.709999,21.639999,22.360001,23.556719,0.694633,18.524310,18.765158,0.000000,0.000000,0.000000,0.000000,0.000000,0.000000,-nan(ind),0.000000,-nan(ind),-nan(ind),0.000000,0.000000,0.000000,0.000000,0.000000,-nan(ind),-nan(ind),-nan(ind),0.000000,0.000000,0.000000,0.000000,0.000000,0.000000,0.000000,0.000000,0.000000,0.000000,0.000000,0.000000,0.000000,0.000000,0.000000,50.094705,smerekowiec,so,,72,4,lesny
71,71_reg_l_d,149826,129274,78816,40423,9124,866,44,1,0,0,0,0,0.520000,27.639999,17.178195,19.460952,4.600255,21.162348,0.267796,5.800000,-0.846112,3.505353,3.610810,2.790001,2.669047,17.178195,2.532314,-0.424147,0.345242,0.147414,-0.167494,0.136335,4.220000,7.690000,10.630000,13.730000,14.690000,15.530000,16.900000,17.990000,19.030001,20.000000,20.490000,21.000000,22.270000,23.270000,24.969999,0.614240,17.783492,18.248938,0.000000,0.000000,0.000000,0.000000,0.000000,0.000000,-nan(ind),0.000000,-nan(ind),-nan(ind),0.000000,0.000000,0.000000,0.000000,0.000000,-nan(ind),-nan(ind),-nan(ind),0.000000,0.000000,0.000000,0.000000,0.000000,0.000000,0.000000,0.000000,0.000000,0.000000,0.000000,0.000000,0.000000,0.000000,0.000000,58.590268,regietow,bk,,67,4,lesny
72,72_reg_l_d,118798,97180,61725,29474,5577,391,13,0,0,0,0,0,0.520000,34.169998,19.097284,19.214443,3.393972,11.519049,0.177720,3.900000,-1.206715,6.370743,2.509439,1.950001,1.964443,19.097284,1.808928,-0.237069,0.327255,0.094722,-0.131055,0.180911,7.065800,13.310000,15.200000,16.879999,17.420000,17.889999,18.680000,19.410000,20.139999,20.900000,21.320000,21.780001,22.980000,23.840000,25.139999,0.552074,19.396526,19.641666,0.000000,0.000000,0.000000,0.000000,0.000000,0.000000,-nan(ind),0.000000,-nan(ind),-nan(ind),0.000000,0.000000,0.000000,0.000000,0.000000,-nan(ind),-nan(ind),-nan(ind),0.000000,0.000000,0.000000,0.000000,0.000000,0.000000,0.000000,0.000000,0.000000,0.000000,0.000000,0.000000,0.000000,0.000000,0.000000,61.394988,regietow,bk,,67,4,lesny
73,73_reg_l_d,151567,123928,78684,37137,7478,611,18,0,0,0,0,0,0.510000,26.889999,14.705718,16.003016,4.180320,17.475074,0.284265,5.130000,-0.706014,3.542811,3.255537,2.480000,2.403015,14.705718,2.303580,-0.320864,0.346127,0.156645,-0.139289,0.150256,2.750000,6.520000,8.890000,11.530000,12.450000,13.170000,14.370000,15.380000,16.260000,17.129999,17.580000,18.059999,19.309999,20.400000,22.930000,0.538124,15.288331,15.740067,0.000000,0.000000,0.000000,0.000000,0.000000,0.000000,-nan(ind),0.000000,-nan(ind),-nan(ind),0.000000,0.000000,0.000000,0.000000,0.000000,-nan(ind),-nan(ind),-nan(ind),0.000000,0.000000,0.000000,0.000000,0.000000,0.000000,0.000000,0.000000,0.000000,0.000000,0.000000,0.000000,0.000000,0.000000,0.000000,52.213021,regietow,bk,,52,3,lesny
74,74_reg_l_d,106090,89679,56564,27134,5561,406,13,1,0,0,0,0,0.510000,31.709999,18.475444,23.290952,6.564518,43.092901,0.355310,10.030000,-0.664139,2.532028,5.463731,4.210001,3.770951,18.475444,3.674409,-0.630151,0.259131,0.198881,-0.171497,0.070523,2.200000,6.070000,8.550000,11.840000,13.540000,15.470000,18.459999,20.209999,21.629999,22.930000,23.570000,24.219999,25.719999,26.850000,28.639999,0.575816,19.607000,20.413892,0.000000,0.000000,0.000000,0.000000,0.000000,0.000000,-nan(ind),0.000000,-nan(ind),-nan(ind),0.000000,0.000000,0.000000,0.000000,0.000000,-nan(ind),-nan(ind),-nan(ind),0.000000,0.000000,0.000000,0.000000,0.000000,0.000000,0.000000,0.000000,0.000000,0.000000,0.000000,0.000000,0.000000,0.000000,0.000000,53.789368,regietow,so,,72,4,lesny
75,75_wol_l_d,129198,84039,63621,18363,1967,86,2,0,0,0,0,0,0.510000,25.719999,9.532456,10.113809,3.997048,15.976391,0.419309,5.770000,0.155467,2.732839,3.248752,2.860001,2.873810,9.532456,2.270753,0.026218,0.212528,0.238213,0.011546,0.093594,1.553800,3.110000,4.140000,5.730000,6.490000,7.210000,8.580000,9.690000,10.640000,11.660000,12.260000,12.940000,14.640000,15.970000,19.190001,0.357892,10.336534,11.005498,0.000000,0.000000,0.000000,0.000000,0.000000,0.000000,-nan(ind),0.000000,-nan(ind),-nan(ind),0.000000,0.000000,0.000000,0.000000,0.000000,-nan(ind),-nan(ind),-nan(ind),0.000000,0.000000,0.000000,0.000000,0.000000,0.000000,0.000000,0.000000,0.000000,0.000000,0.000000,0.000000,0.000000,0.000000,0.000000,32.873261,wolowiec,bk,,50,3,lesny
76,76_wol_l_d,115010,79309,55835,19616,3452,383,23,0,0,0,0,0,0.510000,29.680000,10.470341,13.937460,5.896289,34.766227,0.563142,10.010000,0.080988,2.100287,5.011618,4.740000,4.617461,10.470341,3.381952,0.028242,0.097362,0.323003,0.008351,0.028789,0.810000,1.530000,2.350000,3.890000,4.940000,6.450000,8.970000,10.880000,12.630000,14.200000,14.950000,15.800000,18.000000,19.830000,23.190001,0.341458,12.016399,13.116259,0.000000,0.000000,0.000000,0.000000,0.000000,0.000000,-nan(ind),0.000000,-nan(ind),-nan(ind),0.000000,0.000000,0.000000,0.000000,0.000000,-nan(ind),-nan(ind),-nan(ind),0.000000,0.000000,0.000000,0.000000,0.000000,0.000000,0.000000,0.000000,0.000000,0.000000,0.000000,0.000000,0.000000,0.000000,0.000000,31.199021,wolowiec,bk,,45,3,lesny
77,77_wol_p_d,119788,94297,70807,20826,2500,157,7,0,0,0,0,0,0.510000,25.870001,10.017744,9.768413,5.485355,30.089116,0.547564,8.300000,0.164756,2.258210,4.565252,4.150000,4.158413,10.017744,3.144374,0.097423,0.192291,0.313880,0.030983,0.061154,0.710000,1.360000,2.320000,4.670000,5.710000,6.660000,8.360000,9.950000,11.540000,13.170000,14.010000,14.960000,17.450001,19.270000,22.240391,0.374911,11.421208,12.465053,0.000000,0.000000,0.000000,0.000000,0.000000,0.000000,-nan(ind),0.000000,-nan(ind),-nan(ind),0.000000,0.000000,0.000000,0.000000,0.000000,-nan(ind),-nan(ind),-nan(ind),0.000000,0.000000,0.000000,0.000000,0.000000,0.000000,0.000000,0.000000,0.000000,0.000000,0.000000,0.000000,0.000000,0.000000,0.000000,35.040003,wolowiec,jd,,55,3,porolny
78,78_wol_l_d,122084,88482,59857,23383,4662,551,28,1,0,0,0,0,0.510000,35.150002,13.769581,2.159524,7.797301,60.797902,0.566270,13.050000,-0.019390,1.959402,6.666133,6.380001,12.110476,13.769581,4.486303,-0.051181,0.089148,0.325813,-0.011408,0.019871,0.800000,1.640000,2.560000,5.210000,7.030000,8.730000,11.700000,14.270000,16.690001,19.010000,20.080000,21.200001,23.748985,25.830000,29.180000,0.382782,15.823987,17.227610,0.000000,0.000000,0.000000,0.000000,0.000000,0.000000,-nan(ind),0.000000,-nan(ind),-nan(ind),0.000000,0.000000,0.000000,0.000000,0.000000,-nan(ind),-nan(ind),-nan(ind),0.000000,0.000000,0.000000,0.000000,0.000000,0.000000,0.000000,0.000000,0.000000,0.000000,0.000000,0.000000,0.000000,0.000000,0.000000,33.903352,wolowiec,jd,,50,3,lesny
79,79_wol_l_d,156984,119379,68821,38089,10998,1401,69,1,0,0,0,0,0.510000,35.160000,19.063948,23.610000,7.316944,53.537666,0.383811,10.030001,-0.620560,2.771897,5.917417,4.929999,4.810000,19.063948,4.106886,-0.564047,0.408667,0.215427,-0.137342,0.099508,0.930000,4.090000,8.260000,13.160000,14.670000,15.920000,18.200001,20.129999,22.020000,23.790001,24.700001,25.600000,27.690001,29.030001,31.160000,0.535467,20.419876,21.361307,0.000000,0.000000,0.000000,0.000000,0.000000,0.000000,-nan(ind),0.000000,-nan(ind),-nan(ind),0.000000,0.000000,0.000000,0.000000,0.000000,-nan(ind),-nan(ind),-nan(ind),0.000000,0.000000,0.000000,0.000000,0.000000,0.000000,0.000000,0.000000,0.000000,0.000000,0.000000,0.000000,0.000000,0.000000,0.000000,45.971405,wolowiec,jd,,50,3,lesny
80,80_rad_l_d,100721,63290,47939,13822,1469,60,0,0,0,0,0,0,0.510000,23.930000,11.915382,13.149365,4.524396,20.470159,0.379711,5.850000,-0.502272,2.825202,3.602812,2.900000,2.879365,11.915382,2.539986,-0.280220,0.308153,0.213169,-0.110323,0.121321,0.760000,2.980000,5.180000,8.260000,9.290000,10.060000,11.420000,12.520000,13.490000,14.530000,15.140000,15.810000,17.299999,18.370001,20.440001,0.486993,12.745437,13.345567,0.000000,0.000000,0.000000,0.000000,0.000000,0.000000,-nan(ind),0.000000,-nan(ind),-nan(ind),0.000000,0.000000,0.000000,0.000000,0.000000,-nan(ind),-nan(ind),-nan(ind),0.000000,0.000000,0.000000,0.000000,0.000000,0.000000,0.000000,0.000000,0.000000,0.000000,0.000000,0.000000,0.000000,0.000000,0.000000,36.672147,radocyna,md,,65,4,lesny
81,81_rad_l_d,106455,78563,58333,18252,1899,79,0,0,0,0,0,0,0.510000,26.740000,14.795317,17.996667,4.825797,23.288321,0.326171,6.490001,-0.693966,3.072173,3.859217,3.170001,3.133333,14.795317,2.689488,-0.392299,0.306250,0.181780,-0.145864,0.113869,1.840000,5.090000,7.910000,10.980000,11.960000,12.840000,14.280000,15.530000,16.740000,17.900000,18.450001,19.010000,20.280001,21.230000,22.990000,0.544617,15.562436,16.127090,0.000000,0.000000,0.000000,0.000000,0.000000,0.000000,-nan(ind),0.000000,-nan(ind),-nan(ind),0.000000,0.000000,0.000000,0.000000,0.000000,-nan(ind),-nan(ind),-nan(ind),0.000000,0.000000,0.000000,0.000000,0.000000,0.000000,0.000000,0.000000,0.000000,0.000000,0.000000,0.000000,0.000000,0.000000,0.000000,47.054982,radocyna,md,,60,3,lesny
82,82_tyl_l_d,160070,129695,65011,41341,16970,5080,1089,190,14,0,0,0,0.510000,29.910000,13.173804,15.443333,5.301592,28.106879,0.402434,7.989999,-0.293942,2.382439,4.396031,3.750000,3.513333,13.173804,3.015531,-0.248477,0.228999,0.228904,-0.082399,0.075940,1.660000,3.650000,5.480000,7.990000,9.140000,10.360000,12.430000,14.020000,15.300000,16.500000,17.129999,17.820000,19.480000,20.809999,23.590000,0.430742,14.200556,14.967804,0.000000,0.000000,0.000000,0.000000,0.000000,0.000000,-nan(ind),0.000000,-nan(ind),-nan(ind),0.000000,0.000000,0.000000,0.000000,0.000000,-nan(ind),-nan(ind),-nan(ind),0.000000,0.000000,0.000000,0.000000,0.000000,0.000000,0.000000,0.000000,0.000000,0.000000,0.000000,0.000000,0.000000,0.000000,0.000000,44.937738,tylawa,so,,68,4,lesny
83,83_tyl_l_d,173771,151621,65800,47603,24698,9945,2912,620,43,0,0,0,0.510000,30.350000,15.593201,19.929683,6.134468,37.631696,0.393407,9.740000,-0.308960,2.157385,5.202591,4.660000,4.439683,15.593201,3.508220,-0.291062,0.161708,0.224984,-0.082966,0.046094,2.420000,4.870000,6.710000,9.450000,10.760000,12.000000,14.360000,16.520000,18.290001,19.770000,20.500000,21.280001,23.080000,24.309999,26.540001,0.505469,16.756473,17.630868,0.000000,0.000000,0.000000,0.000000,0.000000,0.000000,-nan(ind),0.000000,-nan(ind),-nan(ind),0.000000,0.000000,0.000000,0.000000,0.000000,-nan(ind),-nan(ind),-nan(ind),0.000000,0.000000,0.000000,0.000000,0.000000,0.000000,0.000000,0.000000,0.000000,0.000000,0.000000,0.000000,0.000000,0.000000,0.000000,50.555725,tylawa,so,,71,4,lesny
84,84_rze_p_d,191385,154906,53971,44697,30287,16171,6715,2267,798,0,0,0,0.510000,27.900000,14.800500,15.726666,4.827537,23.305118,0.326174,5.780001,-0.749286,3.529067,3.726307,2.849999,2.826667,14.800500,2.656044,-0.371304,0.415553,0.179456,-0.139796,0.156456,1.250000,4.610000,8.220000,11.440000,12.330000,13.090000,14.360000,15.470000,16.500000,17.549999,18.110001,18.730000,20.270000,21.490000,23.830000,0.521742,15.567908,16.124797,0.000000,0.000000,0.000000,0.000000,0.000000,0.000000,-nan(ind),0.000000,-nan(ind),-nan(ind),0.000000,0.000000,0.000000,0.000000,0.000000,-nan(ind),-nan(ind),-nan(ind),0.000000,0.000000,0.000000,0.000000,0.000000,0.000000,0.000000,0.000000,0.000000,0.000000,0.000000,0.000000,0.000000,0.000000,0.000000,49.860358,rzepedz,so,,52,3,porolny
85,85_rze_p_d,169463,136190,49098,39805,26136,13243,5409,1819,680,0,0,0,0.510000,27.559999,12.089493,12.961587,5.142585,26.446181,0.425376,7.370000,-0.279076,2.386028,4.211649,3.610000,3.551587,12.089493,2.929397,-0.207725,0.251285,0.242309,-0.070910,0.085780,1.120000,2.600000,4.420000,7.370000,8.550000,9.590000,11.250000,12.630000,13.900000,15.240000,15.920000,16.650000,18.480000,19.820000,22.090000,0.428077,13.137802,13.904364,0.000000,0.000000,0.000000,0.000000,0.000000,0.000000,-nan(ind),0.000000,-nan(ind),-nan(ind),0.000000,0.000000,0.000000,0.000000,0.000000,-nan(ind),-nan(ind),-nan(ind),0.000000,0.000000,0.000000,0.000000,0.000000,0.000000,0.000000,0.000000,0.000000,0.000000,0.000000,0.000000,0.000000,0.000000,0.000000,43.493088,rzepedz,so,,52,3,porolny
86,86_mal_l_d,174686,131251,85188,37162,8035,828,38,0,0,0,0,0,0.510000,27.430000,13.906515,16.747460,4.550167,20.704024,0.327197,5.840000,-0.642736,2.988715,3.617186,2.809999,2.837461,13.906515,2.534800,-0.363543,0.312363,0.182274,-0.143421,0.123230,2.270000,4.800000,7.040000,10.240000,11.340000,12.240000,13.570000,14.670000,15.700000,16.690001,17.180000,17.730000,19.040001,20.100000,22.020000,0.497642,14.631987,15.172238,0.000000,0.000000,0.000000,0.000000,0.000000,0.000000,-nan(ind),0.000000,-nan(ind),-nan(ind),0.000000,0.000000,0.000000,0.000000,0.000000,-nan(ind),-nan(ind),-nan(ind),0.000000,0.000000,0.000000,0.000000,0.000000,0.000000,0.000000,0.000000,0.000000,0.000000,0.000000,0.000000,0.000000,0.000000,0.000000,47.120692,malastow,so,,75,4,lesny
87,87_zyn_l_d,142070,112055,63400,32931,11873,3070,633,123,25,0,0,0,0.510000,30.410000,12.054490,14.748095,5.775769,33.359505,0.479138,8.820000,-0.061909,2.255772,4.808618,4.250000,4.228095,12.054490,3.306783,-0.092446,0.214765,0.274320,-0.027956,0.064947,1.020000,2.370000,3.740000,6.230000,7.490000,8.730000,10.810000,12.580000,14.100000,15.560000,16.309999,17.120001,19.379999,21.100000,24.230000,0.386103,13.366748,14.335600,0.000000,0.000000,0.000000,0.000000,0.000000,0.000000,-nan(ind),0.000000,-nan(ind),-nan(ind),0.000000,0.000000,0.000000,0.000000,0.000000,-nan(ind),-nan(ind),-nan(ind),0.000000,0.000000,0.000000,0.000000,0.000000,0.000000,0.000000,0.000000,0.000000,0.000000,0.000000,0.000000,0.000000,0.000000,0.000000,38.895072,zyndranowa,so,,73,4,lesny
88,88_nie_p_d,92766,52827,41072,10601,1120,34,0,0,0,0,0,0,0.510000,26.040001,12.243528,15.098572,5.990285,35.883509,0.489261,9.829999,-0.155494,1.997123,5.124597,4.780000,4.608572,12.243528,3.445628,-0.153872,0.106445,0.281424,-0.044657,0.030893,0.610000,2.300000,3.740000,6.110000,7.300000,8.490000,10.650000,12.830000,14.690000,16.309999,17.129999,17.969999,19.860001,21.190001,23.190001,0.459598,13.630364,14.612171,0.000000,0.000000,0.000000,0.000000,0.000000,0.000000,-nan(ind),0.000000,-nan(ind),-nan(ind),0.000000,0.000000,0.000000,0.000000,0.000000,-nan(ind),-nan(ind),-nan(ind),0.000000,0.000000,0.000000,0.000000,0.000000,0.000000,0.000000,0.000000,0.000000,0.000000,0.000000,0.000000,0.000000,0.000000,0.000000,29.793422,nieznajowa,so,,75,4,porolny
89,89_nie_p_d,104430,66563,53273,12209,1037,43,1,0,0,0,0,0,0.510000,25.709999,15.229246,18.109999,5.445073,29.648816,0.357541,5.259999,-1.398935,4.427434,3.998998,2.529999,2.410001,15.229246,2.809354,-0.789165,0.539037,0.184471,-0.280906,0.191872,0.590000,1.040000,6.802002,12.600000,13.550000,14.310000,15.620000,16.610001,17.559999,18.389999,18.809999,19.280001,20.410000,21.270000,22.700001,0.584097,16.173383,16.704036,0.000000,0.000000,0.000000,0.000000,0.000000,0.000000,-nan(ind),0.000000,-nan(ind),-nan(ind),0.000000,0.000000,0.000000,0.000000,0.000000,-nan(ind),-nan(ind),-nan(ind),0.000000,0.000000,0.000000,0.000000,0.000000,0.000000,0.000000,0.000000,0.000000,0.000000,0.000000,0.000000,0.000000,0.000000,0.000000,42.564619,nieznajowa,so,,75,4,porolny
90,90_ode_l_d,228279,142419,96596,38453,6801,545,24,0,0,0,0,0,0.510000,29.440001,17.152791,19.337461,5.045451,25.456576,0.294148,5.849999,-1.034650,3.733321,3.910819,2.690000,2.522540,17.152791,2.726214,-0.597283,0.417778,0.158937,-0.219089,0.153245,2.410000,6.380000,9.550000,13.500000,14.810000,15.830000,17.280001,18.389999,19.320000,20.200001,20.660000,21.139999,22.340000,23.309999,25.190001,0.575278,17.879447,18.394297,0.000000,0.000000,0.000000,0.000000,0.000000,0.000000,-nan(ind),0.000000,-nan(ind),-nan(ind),0.000000,0.000000,0.000000,0.000000,0.000000,-nan(ind),-nan(ind),-nan(ind),0.000000,0.000000,0.000000,0.000000,0.000000,0.000000,0.000000,0.000000,0.000000,0.000000,0.000000,0.000000,0.000000,0.000000,0.000000,42.362991,oderne,bk,,67,4,lesny
91,91_ode_l_d,195480,153146,111734,36466,4624,308,14,0,0,0,0,0,0.510000,29.340000,14.296995,15.153810,4.917769,24.184451,0.343972,6.490000,-0.498780,2.926575,3.917360,3.210000,3.186191,14.296995,2.761670,-0.282742,0.335045,0.193164,-0.102381,0.121320,1.200000,4.920000,7.360000,10.270000,11.320000,12.210000,13.660000,14.880000,15.980000,17.170000,17.809999,18.549999,20.209999,21.420000,23.570000,0.478217,15.119138,15.741049,0.000000,0.000000,0.000000,0.000000,0.000000,0.000000,-nan(ind),0.000000,-nan(ind),-nan(ind),0.000000,0.000000,0.000000,0.000000,0.000000,-nan(ind),-nan(ind),-nan(ind),0.000000,0.000000,0.000000,0.000000,0.000000,0.000000,0.000000,0.000000,0.000000,0.000000,0.000000,0.000000,0.000000,0.000000,0.000000,47.043473,oderne,bk,,67,4,lesny
92,92_bar_p_d,106958,69498,57594,11099,776,29,0,0,0,0,0,0,0.510000,24.190001,10.390218,3.892857,5.706741,32.566891,0.549242,10.140000,0.123549,1.870261,4.944942,5.129999,6.707143,10.390218,3.284360,0.110666,0.007616,0.316101,0.033695,0.002319,0.950000,2.240000,3.040000,4.260000,4.880000,5.770000,8.330000,10.600000,12.370000,14.080000,15.020000,16.010000,18.139999,19.620001,21.740000,0.417239,11.854242,12.926148,0.000000,0.000000,0.000000,0.000000,0.000000,0.000000,-nan(ind),0.000000,-nan(ind),-nan(ind),0.000000,0.000000,0.000000,0.000000,0.000000,-nan(ind),-nan(ind),-nan(ind),0.000000,0.000000,0.000000,0.000000,0.000000,0.000000,0.000000,0.000000,0.000000,0.000000,0.000000,0.000000,0.000000,0.000000,0.000000,30.699761,bartne,bk,,75,4,porolny
93,93_wol_p_d,146998,107169,69620,29888,6752,855,50,4,0,0,0,0,0.510000,30.600000,16.731176,18.659524,5.690215,32.378544,0.340097,7.610000,-0.642130,2.862579,4.570247,3.620000,3.460477,16.731176,3.182424,-0.456590,0.354579,0.190209,-0.143472,0.111418,2.090000,5.480000,8.240000,11.960000,13.290000,14.510000,16.320000,17.740000,19.000000,20.270000,20.900000,21.600000,23.280001,24.520000,26.600000,0.539089,17.672309,18.361481,0.000000,0.000000,0.000000,0.000000,0.000000,0.000000,-nan(ind),0.000000,-nan(ind),-nan(ind),0.000000,0.000000,0.000000,0.000000,0.000000,-nan(ind),-nan(ind),-nan(ind),0.000000,0.000000,0.000000,0.000000,0.000000,0.000000,0.000000,0.000000,0.000000,0.000000,0.000000,0.000000,0.000000,0.000000,0.000000,45.400525,wolowiec,bk,,60,3,porolny
94,94_zdy_p_d,108173,79759,64928,13862,944,25,0,0,0,0,0,0,0.510000,25.480000,13.958134,14.778571,3.041818,9.252656,0.217924,2.809999,-0.930722,5.769773,2.131903,1.389999,1.401429,13.958134,1.583548,-0.212193,0.400816,0.113450,-0.133998,0.253113,3.690000,7.980000,10.400000,12.330000,12.800000,13.180000,13.790000,14.320000,14.810000,15.320000,15.610000,15.940000,16.930000,18.160000,21.150000,0.538572,14.285729,14.550681,0.000000,0.000000,0.000000,0.000000,0.000000,0.000000,-nan(ind),0.000000,-nan(ind),-nan(ind),0.000000,0.000000,0.000000,0.000000,0.000000,-nan(ind),-nan(ind),-nan(ind),0.000000,0.000000,0.000000,0.000000,0.000000,0.000000,0.000000,0.000000,0.000000,0.000000,0.000000,0.000000,0.000000,0.000000,0.000000,48.637629,zdynia,bk,,52,3,porolny
95,95_zdy_p_d,141545,113459,83682,26669,3008,98,2,0,0,0,0,0,0.510000,29.420000,12.477162,13.358889,4.937555,24.379452,0.395727,7.240000,0.004407,2.464685,4.044630,3.600000,3.581112,12.477162,2.818690,-0.022658,0.245214,0.225908,-0.008039,0.086996,2.260000,4.300000,5.730000,7.840000,8.760000,9.660000,11.330000,12.670000,13.930000,15.260000,16.000000,16.830000,18.900000,20.469999,23.330000,0.413945,13.418599,14.187144,0.000000,0.000000,0.000000,0.000000,0.000000,0.000000,-nan(ind),0.000000,-nan(ind),-nan(ind),0.000000,0.000000,0.000000,0.000000,0.000000,-nan(ind),-nan(ind),-nan(ind),0.000000,0.000000,0.000000,0.000000,0.000000,0.000000,0.000000,0.000000,0.000000,0.000000,0.000000,0.000000,0.000000,0.000000,0.000000,42.519322,zdynia,bk,,52,3,porolny
96,96_zdy_p_d,100333,79981,56319,20694,2834,129,5,0,0,0,0,0,0.510000,31.150000,15.350671,14.614127,6.150770,37.831966,0.400684,8.320000,0.183218,2.501156,4.956912,4.030000,3.995874,15.350671,3.494681,0.172931,0.370421,0.227657,0.049484,0.105996,2.620000,5.390000,7.530000,10.270000,11.180000,11.920000,13.390000,14.810000,16.290001,18.219999,19.500000,20.980000,24.420000,26.280001,28.520000,0.484356,16.537067,17.546407,0.000000,0.000000,0.000000,0.000000,0.000000,0.000000,-nan(ind),0.000000,-nan(ind),-nan(ind),0.000000,0.000000,0.000000,0.000000,0.000000,-nan(ind),-nan(ind),-nan(ind),0.000000,0.000000,0.000000,0.000000,0.000000,0.000000,0.000000,0.000000,0.000000,0.000000,0.000000,0.000000,0.000000,0.000000,0.000000,42.230007,zdynia,bk,,52,3,porolny
97,97_zdy_p_d,124638,66983,49550,15248,2042,141,2,0,0,0,0,0,0.510000,26.700001,9.330857,8.824286,5.074694,25.752514,0.543861,7.150000,0.447962,2.798154,4.102447,3.570000,3.555714,9.330857,2.869177,0.237027,0.286706,0.307493,0.082611,0.099926,0.660000,1.600000,2.870000,4.690000,5.480000,6.250000,7.650000,8.960000,10.310000,11.800000,12.630000,13.500000,16.200001,18.680000,22.360001,0.336802,10.621536,11.676053,0.000000,0.000000,0.000000,0.000000,0.000000,0.000000,-nan(ind),0.000000,-nan(ind),-nan(ind),0.000000,0.000000,0.000000,0.000000,0.000000,-nan(ind),-nan(ind),-nan(ind),0.000000,0.000000,0.000000,0.000000,0.000000,0.000000,0.000000,0.000000,0.000000,0.000000,0.000000,0.000000,0.000000,0.000000,0.000000,22.636384,zdynia,bk,,62,4,porolny
98,98_zdy_p_d,127298,99093,75802,21112,2084,92,3,0,0,0,0,0,0.510000,26.030001,13.227740,14.687778,4.539181,20.604167,0.343156,6.050000,-0.367443,2.780454,3.632786,2.990000,2.972222,13.227740,2.561782,-0.200488,0.302149,0.193667,-0.078261,0.117945,2.150000,4.750000,6.770000,9.450000,10.370000,11.180000,12.530000,13.660000,14.740000,15.840000,16.420000,17.080000,18.809999,20.110001,22.240000,0.498344,13.984887,14.577488,0.000000,0.000000,0.000000,0.000000,0.000000,0.000000,-nan(ind),0.000000,-nan(ind),-nan(ind),0.000000,0.000000,0.000000,0.000000,0.000000,-nan(ind),-nan(ind),-nan(ind),0.000000,0.000000,0.000000,0.000000,0.000000,0.000000,0.000000,0.000000,0.000000,0.000000,0.000000,0.000000,0.000000,0.000000,0.000000,45.836216,zdynia,bk,,62,4,porolny
99,99_zdy_p_d,123800,104436,79265,22797,2276,97,1,0,0,0,0,0,0.510000,27.840000,15.591438,16.127143,4.660505,21.720304,0.298914,5.700001,-0.678254,3.433026,3.611285,2.820000,2.822858,15.591438,2.579113,-0.319796,0.389492,0.165419,-0.123994,0.151018,2.413500,6.260000,9.250000,12.170000,13.080000,13.860000,15.160000,16.170000,17.129999,18.180000,18.780001,19.430000,21.059999,22.270000,24.280001,0.551827,16.273077,16.795059,0.000000,0.000000,0.000000,0.000000,0.000000,0.000000,-nan(ind),0.000000,-nan(ind),-nan(ind),0.000000,0.000000,0.000000,0.000000,0.000000,-nan(ind),-nan(ind),-nan(ind),0.000000,0.000000,0.000000,0.000000,0.000000,0.000000,0.000000,0.000000,0.000000,0.000000,0.000000,0.000000,0.000000,0.000000,0.000000,53.543483,zdynia,bk,,62,4,porolny
100,100_zdy_p_d,115798,91185,72523,17394,1228,40,0,0,0,0,0,0,0.510000,26.920000,13.280347,13.086191,4.895747,23.968343,0.368646,7.059999,-0.216640,2.447440,4.011769,3.530001,3.563809,13.280347,2.792960,-0.132939,0.242602,0.210308,-0.047598,0.086862,2.220000,4.620000,6.450000,8.940000,9.920000,10.740000,12.180000,13.520000,14.840000,16.240000,16.980000,17.790001,19.559999,20.820000,22.860001,0.483542,14.153999,14.845394,0.000000,0.000000,0.000000,0.000000,0.000000,0.000000,-nan(ind),0.000000,-nan(ind),-nan(ind),0.000000,0.000000,0.000000,0.000000,0.000000,-nan(ind),-nan(ind),-nan(ind),0.000000,0.000000,0.000000,0.000000,0.000000,0.000000,0.000000,0.000000,0.000000,0.000000,0.000000,0.000000,0.000000,0.000000,0.000000,45.282732,zdynia,bk,,62,4,porolny
101,101_wij_p_d,169746,144321,62871,46114,23603,8887,2364,457,25,0,0,0,0.510000,22.549999,9.732762,11.704920,3.458260,11.959562,0.355322,5.010000,-0.238716,2.673026,2.827141,2.460000,2.434920,9.732762,1.960294,-0.126313,0.185652,0.201412,-0.064436,0.094706,1.630000,3.590000,4.950000,6.640000,7.290000,7.910000,9.070000,10.080000,10.990000,11.870000,12.300000,12.760000,13.850000,14.750000,17.090000,0.418456,10.328898,10.804463,0.000000,0.000000,0.000000,0.000000,0.000000,0.000000,-nan(ind),0.000000,-nan(ind),-nan(ind),0.000000,0.000000,0.000000,0.000000,0.000000,-nan(ind),-nan(ind),-nan(ind),0.000000,0.000000,0.000000,0.000000,0.000000,0.000000,0.000000,0.000000,0.000000,0.000000,0.000000,0.000000,0.000000,0.000000,0.000000,48.116607,wilcza_jama,bk,,75,4,porolny
102,102_wij_p_d,127844,107268,45209,34559,18233,6887,1974,378,28,0,0,0,0.510000,24.650000,10.920266,12.005238,4.338941,18.826409,0.397329,6.410000,-0.037904,2.416082,3.573780,3.190000,3.165238,10.920266,2.479777,-0.037749,0.203413,0.227080,-0.015223,0.082029,1.760000,3.660000,4.990000,6.890000,7.710000,8.490000,9.820000,11.060000,12.250000,13.490000,14.120000,14.790000,16.549999,17.799999,20.193281,0.431245,11.750678,12.420142,0.000000,0.000000,0.000000,0.000000,0.000000,0.000000,-nan(ind),0.000000,-nan(ind),-nan(ind),0.000000,0.000000,0.000000,0.000000,0.000000,-nan(ind),-nan(ind),-nan(ind),0.000000,0.000000,0.000000,0.000000,0.000000,0.000000,0.000000,0.000000,0.000000,0.000000,0.000000,0.000000,0.000000,0.000000,0.000000,44.879948,wilcza_jama,bk,,75,4,porolny
103,103_wij_p_d,198398,162165,71245,52707,26125,9279,2360,413,36,0,0,0,0.510000,25.350000,9.968463,6.818572,4.522209,20.450375,0.453652,6.740000,0.261007,2.428182,3.748468,3.350000,3.618572,9.968463,2.581368,0.142884,0.197018,0.258954,0.055352,0.076323,1.460000,3.010000,4.200000,5.840000,6.490000,7.100000,8.350000,9.650000,11.050000,12.480000,13.230000,14.030000,16.150000,17.860001,20.420000,0.380775,10.946255,11.759755,0.000000,0.000000,0.000000,0.000000,0.000000,0.000000,-nan(ind),0.000000,-nan(ind),-nan(ind),0.000000,0.000000,0.000000,0.000000,0.000000,-nan(ind),-nan(ind),-nan(ind),0.000000,0.000000,0.000000,0.000000,0.000000,0.000000,0.000000,0.000000,0.000000,0.000000,0.000000,0.000000,0.000000,0.000000,0.000000,39.328021,wilcza_jama,bk,,75,4,porolny
104,104_bie_p_d,124101,92286,54477,28533,8068,1132,70,6,0,0,0,0,0.510000,29.950001,12.463448,14.529048,6.064709,36.780698,0.486600,9.730001,-0.104443,2.050654,5.138223,4.800000,4.690951,12.463448,3.488885,-0.108267,0.143225,0.279929,-0.031032,0.041052,0.860000,2.350000,3.820000,6.320000,7.560000,8.720000,10.900000,12.910000,14.680000,16.410000,17.290001,18.200001,20.350000,21.820000,23.930000,0.406027,13.860658,14.869941,0.000000,0.000000,0.000000,0.000000,0.000000,0.000000,-nan(ind),0.000000,-nan(ind),-nan(ind),0.000000,0.000000,0.000000,0.000000,0.000000,-nan(ind),-nan(ind),-nan(ind),0.000000,0.000000,0.000000,0.000000,0.000000,0.000000,0.000000,0.000000,0.000000,0.000000,0.000000,0.000000,0.000000,0.000000,0.000000,38.244707,bieliczna,bk,,60,3,porolny
105,105_olc_p_d,116175,91639,44493,29303,12775,4078,854,129,7,0,0,0,0.510000,26.110001,15.248124,17.576667,4.966445,24.665577,0.325709,6.090000,-0.812999,3.359847,3.886397,2.960001,2.863333,15.248124,2.735554,-0.449876,0.387762,0.179403,-0.164455,0.141749,1.560000,4.700000,8.060000,11.620000,12.670000,13.500000,14.950000,16.129999,17.200001,18.230000,18.760000,19.330000,20.760000,21.920000,23.850000,0.575708,16.036539,16.599610,0.000000,0.000000,0.000000,0.000000,0.000000,0.000000,-nan(ind),0.000000,-nan(ind),-nan(ind),0.000000,0.000000,0.000000,0.000000,0.000000,-nan(ind),-nan(ind),-nan(ind),0.000000,0.000000,0.000000,0.000000,0.000000,0.000000,0.000000,0.000000,0.000000,0.000000,0.000000,0.000000,0.000000,0.000000,0.000000,49.822353,olchowiec,bk,,75,4,porolny
106,106_wyz_p_d,137343,104213,84092,18864,1220,37,0,0,0,0,0,0,0.510000,26.840000,12.181212,10.958413,4.625474,21.395008,0.379722,6.720000,0.070701,2.479458,3.789328,3.360000,3.411587,12.181212,2.640095,0.036256,0.235095,0.216735,0.013733,0.089048,2.640000,4.660000,6.030000,8.040000,8.830000,9.530000,10.850000,12.080000,13.370000,14.770000,15.550000,16.350000,18.340000,19.900000,22.430000,0.443267,13.029840,13.744181,0.000000,0.000000,0.000000,0.000000,0.000000,0.000000,-nan(ind),0.000000,-nan(ind),-nan(ind),0.000000,0.000000,0.000000,0.000000,0.000000,-nan(ind),-nan(ind),-nan(ind),0.000000,0.000000,0.000000,0.000000,0.000000,0.000000,0.000000,0.000000,0.000000,0.000000,0.000000,0.000000,0.000000,0.000000,0.000000,40.982452,wysowa,,,,,porolny
107,107_wyz_p_d,77431,62351,56302,5985,63,1,0,0,0,0,0,0,0.510000,26.500000,11.255437,11.648571,3.530807,12.466600,0.313698,4.790000,-0.170438,2.937709,2.824941,2.389999,2.378571,11.255437,1.993638,-0.082662,0.235368,0.177127,-0.041463,0.118060,2.815000,5.020000,6.540000,8.280000,8.940000,9.510000,10.530000,11.440000,12.300000,13.240000,13.730000,14.260000,15.650000,16.780001,18.670000,0.413445,11.796239,12.252374,0.000000,0.000000,0.000000,0.000000,0.000000,0.000000,-nan(ind),0.000000,-nan(ind),-nan(ind),0.000000,0.000000,0.000000,0.000000,0.000000,-nan(ind),-nan(ind),-nan(ind),0.000000,0.000000,0.000000,0.000000,0.000000,0.000000,0.000000,0.000000,0.000000,0.000000,0.000000,0.000000,0.000000,0.000000,0.000000,48.064195,wysowa,,,,,porolny
108,108_wyz_p_d,139582,106541,71686,28801,5505,522,27,0,0,0,0,0,0.510000,33.750000,15.375394,16.866190,6.380363,40.709028,0.414972,9.449999,-0.266520,2.291569,5.293481,4.510000,4.426191,15.375394,3.639912,-0.264893,0.264620,0.236736,-0.072775,0.072700,1.990000,4.080000,5.870000,9.160000,10.680000,12.050000,14.370000,16.280001,17.820000,19.340000,20.129999,21.000000,23.190001,24.980000,27.610001,0.447214,16.646663,17.590864,0.000000,0.000000,0.000000,0.000000,0.000000,0.000000,-nan(ind),0.000000,-nan(ind),-nan(ind),0.000000,0.000000,0.000000,0.000000,0.000000,-nan(ind),-nan(ind),-nan(ind),0.000000,0.000000,0.000000,0.000000,0.000000,0.000000,0.000000,0.000000,0.000000,0.000000,0.000000,0.000000,0.000000,0.000000,0.000000,42.131249,wysowa,,,,,porolny
109,109_wij_p_d,184809,156057,70985,49470,23685,8831,2514,529,43,0,0,0,0.510000,25.750000,12.646365,14.532222,5.137985,26.398893,0.406282,7.719999,-0.252125,2.240031,4.271841,3.780000,3.662222,12.646365,2.939243,-0.191277,0.195150,0.232418,-0.065077,0.066395,1.790000,3.590000,5.100000,7.680000,8.850000,9.900000,11.680000,13.190000,14.550000,15.900000,16.570000,17.330000,19.139999,20.389999,22.180000,0.480839,13.650248,14.406267,0.000000,0.000000,0.000000,0.000000,0.000000,0.000000,-nan(ind),0.000000,-nan(ind),-nan(ind),0.000000,0.000000,0.000000,0.000000,0.000000,-nan(ind),-nan(ind),-nan(ind),0.000000,0.000000,0.000000,0.000000,0.000000,0.000000,0.000000,0.000000,0.000000,0.000000,0.000000,0.000000,0.000000,0.000000,0.000000,47.474433,wilcza_jama,,,,,porolny
110,110_wij_p_d,143686,120237,53244,38655,18970,6944,1994,400,30,0,0,0,0.510000,27.620001,11.181897,11.267937,5.044618,25.448166,0.451141,7.690000,0.110884,2.322165,4.188666,3.849999,3.842063,11.181897,2.889659,0.051704,0.200026,0.258423,0.017893,0.069221,1.520000,3.140000,4.380000,6.350000,7.220000,8.090000,9.700000,11.190000,12.610000,14.120000,14.910000,15.770000,17.870001,19.540001,22.430000,0.393652,12.267142,13.134750,0.000000,0.000000,0.000000,0.000000,0.000000,0.000000,-nan(ind),0.000000,-nan(ind),-nan(ind),0.000000,0.000000,0.000000,0.000000,0.000000,-nan(ind),-nan(ind),-nan(ind),0.000000,0.000000,0.000000,0.000000,0.000000,0.000000,0.000000,0.000000,0.000000,0.000000,0.000000,0.000000,0.000000,0.000000,0.000000,41.237580,wilcza_jama,,,,,porolny
111,111_rop_l_d,71610,59148,51154,7858,136,0,0,0,0,0,0,0,0.510000,29.120001,15.711586,17.312699,4.667513,21.785677,0.297075,6.150000,-0.520401,3.028580,3.721271,3.020000,2.962698,15.711586,2.616564,-0.275433,0.318994,0.166537,-0.105265,0.121913,3.370000,7.000000,9.100000,11.880000,12.910000,13.710000,15.080000,16.280001,17.400000,18.480000,19.059999,19.670000,21.240000,22.490000,24.555311,0.531338,16.390218,16.929805,0.000000,0.000000,0.000000,0.000000,0.000000,0.000000,-nan(ind),0.000000,-nan(ind),-nan(ind),0.000000,0.000000,0.000000,0.000000,0.000000,-nan(ind),-nan(ind),-nan(ind),0.000000,0.000000,0.000000,0.000000,0.000000,0.000000,0.000000,0.000000,0.000000,0.000000,0.000000,0.000000,0.000000,0.000000,0.000000,52.274997,ropa,,,,,lesny
112,112_rop_l_d,106744,95581,81392,13813,371,5,0,0,0,0,0,0,0.520000,28.790001,14.367837,14.879366,4.330951,18.757138,0.301434,5.859999,-0.171985,2.862934,3.465838,2.920000,2.909365,14.367837,2.447334,-0.085418,0.293563,0.170334,-0.034903,0.119952,3.940000,6.820000,8.610000,10.750000,11.520000,12.210000,13.420000,14.540000,15.620000,16.770000,17.379999,18.049999,19.809999,21.219999,23.870001,0.489842,15.006388,15.550700,0.000000,0.000000,0.000000,0.000000,0.000000,0.000000,-nan(ind),0.000000,-nan(ind),-nan(ind),0.000000,0.000000,0.000000,0.000000,0.000000,-nan(ind),-nan(ind),-nan(ind),0.000000,0.000000,0.000000,0.000000,0.000000,0.000000,0.000000,0.000000,0.000000,0.000000,0.000000,0.000000,0.000000,0.000000,0.000000,53.250378,ropa,,,,,lesny
113,113_bru_l_d,86130,71860,61989,9711,158,2,0,0,0,0,0,0,0.510000,31.440001,15.689243,16.220476,5.803426,33.679757,0.369898,8.230000,-0.191226,2.503430,4.729462,4.110000,4.100477,15.689243,3.306761,-0.136213,0.313525,0.210766,-0.041192,0.094813,2.410000,5.440000,7.628999,10.640000,11.730000,12.690000,14.390000,15.940000,17.469999,19.070000,19.959999,20.920000,23.160000,24.770000,27.330000,0.490761,16.728169,17.554682,0.000000,0.000000,0.000000,0.000000,0.000000,0.000000,-nan(ind),0.000000,-nan(ind),-nan(ind),0.000000,0.000000,0.000000,0.000000,0.000000,-nan(ind),-nan(ind),-nan(ind),0.000000,0.000000,0.000000,0.000000,0.000000,0.000000,0.000000,0.000000,0.000000,0.000000,0.000000,0.000000,0.000000,0.000000,0.000000,47.302806,brunary,,,,,lesny
114,114_bru_l_d,80833,70431,59136,11021,272,2,0,0,0,0,0,0,0.520000,28.840000,14.969837,17.601905,5.135493,26.373287,0.343056,7.099999,-0.503966,2.672454,4.171219,3.370000,3.248096,14.969837,2.893212,-0.342803,0.293388,0.193269,-0.118485,0.101406,2.390000,5.230000,7.390000,10.420000,11.620000,12.720000,14.440000,15.840000,17.030001,18.129999,18.719999,19.370001,20.969999,22.250000,24.379999,0.510234,15.826210,16.473868,0.000000,0.000000,0.000000,0.000000,0.000000,0.000000,-nan(ind),0.000000,-nan(ind),-nan(ind),0.000000,0.000000,0.000000,0.000000,0.000000,-nan(ind),-nan(ind),-nan(ind),0.000000,0.000000,0.000000,0.000000,0.000000,0.000000,0.000000,0.000000,0.000000,0.000000,0.000000,0.000000,0.000000,0.000000,0.000000,52.788152,brunary,,,,,lesny
